test_id,level_id,filename,seed,number_of_agents,number_of_airports,number_of_initial_cargo,max_cargo_per_episode,avg_working_capacity,avg_processing_time,soft_deadline_multiplier,hard_deadline_multiplier,min_degree,max_degree,avg_degree,malfunction_rate,malfunction_max_steps,malfunction_min_steps,max_soft_deadline,max_hard_deadline,REWARD_CARGO_MISSED_PENALTY,REWARD_CARGO_LATE_PENALTY,REWARD_MOVEMENT_PENALTY,random_solution_seed,random_score,random_missed_deliveries,random_total_lateness,random_total_cost,random_total_steps,random_total_cargo_generated,random_total_scaled_cost,random_total_scaled_lateness,baseline_solution_seed,baseline_score,baseline_missed_deliveries,baseline_total_lateness,baseline_total_cost,baseline_total_steps,baseline_total_cargo_generated,baseline_total_scaled_cost,baseline_total_scaled_lateness
0,0,Test_0/Level_0.pkl,2048,24,12,72,72,11.25,10.0,5,6,2,18,6.333333333333333,0.0,0,0,3006,3122,10,1,0.01,2048,763.801579986732,64,7033,851.2766399210291,3123,72,1899.8724061753383,104.80285592497869,2048,2.2232041666388436,0,0,230.73701711660183,2801,72,222.32041666388437,0.0
0,1,Test_0/Level_1.pkl,2049,24,12,72,72,11.666666666666666,10.0,5,6,2,14,6.0,0.0,0,0,2952,3044,10,1,0.01,2049,811.8653547230278,64,11151,927.2271866588811,3045,72,1625.0904595150553,155.61445012787723,2049,1.6296192009389123,0,0,226.64444297055167,2662,72,162.96192009389122,0.0
0,2,Test_0/Level_2.pkl,2050,24,12,72,72,10.583333333333334,10.0,5,6,0,14,6.0,0.0,0,0,2942,3034,10,1,0.01,2050,719.9301435005765,70,32,850.7829583452875,3035,72,1920.287077330374,0.7272727272727273,2050,1.1937737595115792,0,0,219.74643977219557,2638,72,119.37737595115792,0.0
0,3,Test_0/Level_3.pkl,2051,24,12,72,72,12.166666666666666,10.0,5,6,0,16,6,0.0,0,0,2912,3004,10,1,0.01,2051,750.7799331473478,66,5206,1483.700613753253,3005,72,1355.8453646456494,77.22147950089126,2051,13.016740947037563,1,0,313.0782007394938,2670,72,301.6740947037564,0.0
0,4,Test_0/Level_4.pkl,2052,24,12,72,72,11.666666666666666,10.0,5,6,0,16,6.0,0.0,0,0,2918,3006,10,1,0.01,2052,790.6492160102031,62,10666,1420.5905819274678,3007,72,2272.060751476269,147.92860849544033,2052,4.633228465833246,0,86,247.52401408681024,2730,72,369.84458571375933,0.9347826086956522
0,5,Test_0/Level_5.pkl,2053,24,12,72,72,13.0,10.0,5,6,0,16,6,0.0,0,0,2800,2869,10,1,0.01,2053,723.7073369136772,66,2904,1313.1829077994787,2870,72,1670.535278669314,47.00198412698413,2053,1.7235978347391734,0,0,232.2598378278992,2654,72,172.35978347391733,0.0
0,6,Test_0/Level_6.pkl,2054,24,12,72,72,11.0,10.0,5,6,0,16,6.0,0.0,0,0,2904,3018,10,1,0.01,2054,751.677521765107,67,5828,861.6460440446469,3019,72,953.3964342137801,72.1435574229692,2054,2.3678363994329352,0,0,228.42478513082267,2699,72,236.7836399432935,0.0
0,7,Test_0/Level_7.pkl,2055,24,12,72,72,10.916666666666666,10.0,5,6,0,12,6,0.0,0,0,2919,3009,10,1,0.01,2055,727.532690208791,71,307,605.2290715849728,3010,72,1412.1579097679896,3.411111111111111,2055,1.6179895005451874,0,0,267.2220388566905,2743,72,161.79895005451874,0.0
0,8,Test_0/Level_8.pkl,2056,24,12,72,72,13.416666666666666,10.0,5,6,2,14,6,0.0,0,0,2927,3021,10,1,0.01,2056,729.5742838261142,61,5346,1116.847088592799,3022,72,1724.9283826114186,102.32499999999999,2056,13.37777040567014,1,0,297.432892352049,2734,72,337.7770405670139,0.0
0,9,Test_0/Level_9.pkl,2057,24,12,72,72,9.833333333333334,10.0,5,6,0,16,6.0,0.0,0,0,3056,3176,10,1,0.01,2057,741.5812711283677,71,1298,861.4187740520888,3177,72,1777.2760490069795,13.808510638297872,2057,395.59689477919966,38,1015,292.84998629500456,3177,72,575.1401561599997,9.845493217599639
0,10,Test_0/Level_10.pkl,2058,24,12,72,72,12.916666666666666,10.0,5,6,0,18,6.0,0.0,0,0,2908,3000,10,1,0.01,2058,749.3801979749175,65,4918,1517.459584624357,3001,72,2838.02680029287,70.99992997198879,2058,3.666273762967467,0,10,309.5439883425131,2714,72,352.7384874078578,0.1388888888888889
0,11,Test_0/Level_11.pkl,2059,24,12,72,72,11.333333333333334,10.0,5,6,0,14,6.0,0.0,0,0,2713,2759,10,1,0.01,2059,732.1560186528468,68,1800,1243.6044377431642,2760,72,1302.5583870238106,39.130434782608695,2059,1.7806194892424458,0,0,236.86016253946673,2591,72,178.06194892424458,0.0
0,12,Test_0/Level_12.pkl,2060,24,12,72,72,9.333333333333334,10.0,5,6,0,16,6.0,0.0,0,0,2886,2978,10,1,0.01,2060,689.3317882929334,63,2582,685.619679129557,2979,72,1431.447227561738,45.01731601731602,2060,1.631313055591305,0,0,202.27958723949692,2597,72,163.13130555913048,0.0
0,13,Test_0/Level_13.pkl,2061,24,12,72,72,11.666666666666666,10.0,5,6,2,16,6.333333333333334,0.0,0,0,2818,2912,10,1,0.01,2061,747.5313525510347,70,1442,1170.3598088868719,2913,72,2693.1352551034693,20.6,2061,2.3926715359040864,0,8,257.43481742916947,2764,72,227.14594146919654,0.12121212121212122
0,14,Test_0/Level_14.pkl,2062,24,12,72,72,7.166666666666667,10.0,5,6,2,12,6.333333333333333,0.0,0,0,2832,2900,10,1,0.01,2062,831.1447705036334,60,14773,1052.162323663669,2901,72,1330.290648529881,217.8418640183346,2062,2.47986383342024,0,0,260.38515311607796,2680,72,247.986383342024,0.0
0,15,Test_0/Level_15.pkl,2063,24,12,72,72,9.166666666666666,10.0,5,6,2,14,6,0.0,0,0,2957,3051,10,1,0.01,2063,759.9645192011795,68,3906,1657.0235488158817,3052,72,2820.890180270498,51.75561739847454,2063,0.8678234532190701,0,0,285.4740554401725,2664,72,86.782345321907,0.0
0,16,Test_0/Level_16.pkl,2064,24,12,72,72,12.166666666666666,10.0,5,6,0,16,6,0.0,0,0,2896,3022,10,1,0.01,2064,716.55870442566,67,2216,1359.7196238778288,3023,72,1293.3104800060426,33.62559962559962,2064,1.8722881148901802,0,0,302.1832039026389,2634,72,187.22881148901803,0.0
0,17,Test_0/Level_17.pkl,2065,24,12,72,72,8.416666666666666,10.0,5,6,0,18,6.0,0.0,0,0,2801,2869,10,1,0.01,2065,751.2111101983985,66,4286,1013.094354972004,2870,72,1666.2981856152603,74.54812834224597,2065,2.667667351633982,0,41,226.00123804082628,2633,72,173.58491698158002,0.9318181818181819
0,18,Test_0/Level_18.pkl,2066,24,12,72,72,13.333333333333334,10.0,5,6,0,14,6,0.0,0,0,2663,2707,10,1,0.01,2066,747.0089889678496,68,2212,1617.906319208873,2708,72,1998.4924796726714,47.02406417112299,2066,1.2704616176624197,0,0,202.85636690853855,2552,72,127.04616176624197,0.0
0,19,Test_0/Level_19.pkl,2067,24,12,72,72,12.083333333333334,10.0,5,6,0,18,6,0.0,0,0,2767,2843,10,1,0.01,2067,732.4136408794346,67,2720,1147.8376790887653,2844,72,1016.6795063366867,52.24684581606778,2067,2.4713085293173758,0,0,371.8090239615873,2602,72,247.1308529317376,0.0
1,0,Test_1/Level_0.pkl,2068,30,15,90,90,11.0,10.0,5,6,0,20,6.133333333333333,0.0,4,1,2901,2997,10,1,0.01,2068,928.5603285081531,85,4502,1185.1799265758941,2998,90,1603.2550730375272,62.52777777777778,2068,14.724573031901993,1,0,399.4281319588496,2671,90,472.4573031901993,0.0
1,1,Test_1/Level_1.pkl,2069,30,15,90,90,6.133333333333334,10.0,5,6,0,16,5.866666666666667,0.0,4,1,3237,3385,10,1,0.01,2069,910.3499288873986,90,0,990.1809418723233,3386,90,1034.9928887398653,0.0,2069,483.0492779044218,46,2357,268.923291218357,3134,90,260.51366664095684,20.444141238012204
1,2,Test_1/Level_2.pkl,2070,30,15,90,90,7.266666666666667,10.0,5,6,0,16,5.866666666666667,0.0,4,1,2974,3070,10,1,0.01,2070,918.0302491119214,86,4278,1230.2697505381525,3071,90,890.5603420311396,49.12464569160998,2070,771.0626639115964,76,635,359.57185718435994,3071,90,265.7193390054388,8.40547052154195
1,3,Test_1/Level_3.pkl,2071,30,15,90,93,7.933333333333334,10.0,5,6,0,16,6.133333333333333,0.005,4,1,3192,3344,10,1,0.01,2071,927.970548184426,91,1047,1418.1112232518003,3345,93,1093.7214851092704,7.033333333333333,2071,103.73266864564874,9,913,564.1647965722083,2827,93,447.04747680977243,9.262193877551018
1,4,Test_1/Level_4.pkl,2072,30,15,90,93,9.8,10.0,5,6,0,16,5.866666666666667,0.005,4,1,2999,3109,10,1,0.01,2072,940.2796808746731,92,331,2052.3101938520485,3110,93,1696.968087467316,3.31,2072,4.786506076315425,0,0,583.8966570296072,2724,93,478.6506076315425,0.0
1,5,Test_1/Level_5.pkl,2073,30,15,90,93,10.6,10.0,5,6,0,20,6.133333333333333,0.005,4,1,3030,3152,10,1,0.01,2073,970.4608978063806,87,7185,1627.9542451105403,3153,93,1894.4259782749978,81.51663802363049,2073,2.9759135827460046,0,0,394.30628133495696,2724,93,297.59135827460045,0.0
1,6,Test_1/Level_6.pkl,2074,30,15,90,97,8.266666666666667,10.0,5,6,0,16,6.133333333333333,0.01,4,1,3130,3278,10,1,0.01,2074,1007.2763316984003,94,4342,1728.4239504237778,3279,97,2707.537931744801,40.20095238095238,2074,539.3912620586439,52,1827,315.48139125209536,3184,97,460.1611312375379,14.78965074626856
1,7,Test_1/Level_7.pkl,2075,30,15,90,97,10.066666666666666,10.0,5,6,0,16,5.866666666666667,0.01,4,1,2905,3023,10,1,0.01,2075,1008.9379001950844,91,5622,2394.8728156624643,3024,97,2516.9057786141075,73.76884240894337,2075,14.09913824088203,1,0,414.5287229638351,2717,97,409.91382408820317,0.0
1,8,Test_1/Level_8.pkl,2076,30,15,90,97,9.6,10.0,5,6,0,18,6.133333333333333,0.01,4,1,3191,3337,10,1,0.01,2076,1004.6661096513303,94,4831,2074.083826658597,3338,97,1820.8499107112639,46.45761054421769,2076,14.00081256169258,1,0,463.08025309051175,2743,97,400.0812561692579,0.0
1,9,Test_1/Level_9.pkl,2077,30,15,90,100,10.0,10.0,5,6,0,16,5.866666666666667,0.015000000000000003,4,1,2961,3059,10,1,0.01,2077,1022.9242270072879,95,3399,2189.4335309401417,3060,100,2788.795389206729,45.03627311522048,2077,5.0846751276064115,0,0,484.6364008090105,2697,100,508.46751276064117,0.0
1,10,Test_1/Level_10.pkl,2078,30,15,90,100,8.133333333333333,10.0,5,6,0,18,6.133333333333333,0.015000000000000003,4,1,2792,2862,10,1,0.01,2078,1009.2109427024491,98,1602,1270.6511559457888,2863,100,1112.1581000321405,18.08936170212766,2078,78.7039682148838,7,394,351.3539412873033,2729,100,306.40522484972524,5.639915966386554
1,11,Test_1/Level_11.pkl,2079,30,15,90,100,8.8,10.0,5,6,0,16,6.133333333333333,0.015000000000000003,4,1,2973,3099,10,1,0.01,2079,1023.6485487271829,91,8097,1177.7261309161324,3159,100,977.6933414391159,103.87161531279177,2079,3.0175496309371286,0,0,432.8902003027332,2908,100,301.75496309371283,0.0
1,12,Test_1/Level_12.pkl,2080,30,15,90,103,7.333333333333333,10.0,5,6,0,14,5.866666666666667,0.02,4,1,3123,3279,10,1,0.01,2080,1037.2771157337663,99,126,4078.9060377250876,5000,100,4604.182161611933,1.2352941176470589,2080,6.523785569086129,0,0,650.898929859773,5000,100,652.3785569086128,0.0
1,13,Test_1/Level_13.pkl,2081,30,15,90,103,8.466666666666667,10.0,5,6,0,18,5.866666666666666,0.02,4,1,2965,3061,10,1,0.01,2081,1181.2783258289664,99,11319,2660.188214610428,4662,103,2957.8325828966285,161.7,2081,953.3511374066652,95,120,192.2866300432169,4662,103,163.68516923795164,1.7142857142857144
1,14,Test_1/Level_14.pkl,2082,30,15,90,103,9.666666666666666,10.0,5,6,0,14,5.866666666666667,0.02,4,1,3140,3288,10,1,0.01,2082,1056.2386105897137,97,8426,1783.0853708335344,3289,103,1696.414545050725,69.2744651392066,2082,5.956604020636368,0,0,631.8967544320136,2862,103,595.6604020636368,0.0
1,15,Test_1/Level_15.pkl,2083,30,15,90,107,7.466666666666667,10.0,5,6,0,18,6.133333333333333,0.025,4,1,2972,3070,10,1,0.01,2083,1112.3584529021414,100,7904,2302.1036277178623,3888,107,1683.9287319986047,95.5191655821555,2083,14.294141402775704,1,43,512.3541688717862,3613,107,371.30603216946224,0.5810810810810811
1,16,Test_1/Level_16.pkl,2084,30,15,90,107,8.666666666666666,10.0,5,6,0,16,6.133333333333333,0.025,4,1,3091,3235,10,1,0.01,2084,1177.6125099333983,98,19785,1602.273813116383,4819,107,1581.5545865053487,181.79696406834475,2084,4.561473838220658,0,0,460.18007983885354,4610,107,456.14738382206576,0.0
1,17,Test_1/Level_17.pkl,2085,30,15,90,107,8.6,10.0,5,6,0,14,5.866666666666666,0.025,4,1,2985,3085,10,1,0.01,2085,1204.9853460466345,93,23858,2463.7499257466843,5000,106,1732.685063137437,257.6584954152602,2085,3.693368753686559,0,17,558.7832278524784,5000,106,347.56816788566266,0.217687074829932
1,18,Test_1/Level_18.pkl,2086,30,15,90,110,7.733333333333333,10.0,5,6,0,18,5.866666666666667,0.030000000000000006,4,1,3025,3153,10,1,0.01,2086,1122.6141825407408,108,2517,1715.4974649301946,4409,110,1415.416415838796,28.460018382352942,2086,9.23204127631122,0,373,499.9985393107288,4166,110,380.42919156974085,5.427749360613811
1,19,Test_1/Level_19.pkl,2087,30,15,90,110,8.866666666666667,10.0,5,6,0,14,5.866666666666666,0.030000000000000006,4,1,2927,3029,10,1,0.01,2087,1114.8334417774263,108,0,4053.83124615452,5000,109,3483.3441777426306,0.0,2087,4.745438549893503,0,0,572.645150837172,5000,109,474.5438549893503,0.0
2,0,Test_2/Level_0.pkl,2088,36,18,108,108,11.0,10.0,5,6,0,18,6.0,0.0,8,2,3158,3302,10,1,0.01,2088,1113.0573961188525,104,4731,3509.0620339445377,3303,108,2333.8280193794026,49.71911592505855,2088,3.218471399653564,0,0,455.89180714841797,2717,108,321.8471399653564,0.0
2,1,Test_2/Level_1.pkl,2089,36,18,108,108,8.722222222222221,10.0,5,6,0,18,6.222222222222222,0.0,8,2,3155,3331,10,1,0.01,2089,1073.9386687513086,106,200,1505.0669077542038,3332,108,1137.4566187206028,2.5641025641025643,2089,5.403122919589971,0,0,641.2862538074785,2774,108,540.3122919589971,0.0
2,2,Test_2/Level_2.pkl,2090,36,18,108,108,7.277777777777778,10.0,5,6,0,16,6.222222222222222,0.0,8,2,3098,3220,10,1,0.01,2090,1098.9898863606584,108,0,2062.6667251503263,3221,108,1898.9886360658459,0.0,2090,4.066200922759544,0,0,485.6507411789519,2740,108,406.62009227595433,0.0
2,3,Test_2/Level_3.pkl,2091,36,18,108,115,7.388888888888889,10.0,5,6,0,18,6.0,0.01,8,2,3021,3127,10,1,0.01,2091,1155.101350611721,110,3649,1248.3958955054368,3128,115,1039.0473649717753,44.71087696200337,2091,4.263814684436952,0,0,542.8561521914047,2725,115,426.3814684436952,0.0
2,4,Test_2/Level_4.pkl,2092,36,18,108,115,9.722222222222221,10.0,5,6,0,20,6.444444444444445,0.01,8,2,3122,3292,10,1,0.01,2092,1187.8718126335225,108,6357,1785.9512662215805,3293,115,1985.666111837098,88.01515151515152,2092,5.459827177273478,0,14,442.4986606624526,2719,115,524.7705965152267,0.21212121212121213
2,5,Test_2/Level_5.pkl,2093,36,18,108,115,8.777777777777779,10.0,5,6,0,20,6.0,0.01,8,2,3181,3325,10,1,0.01,2093,1164.3608337492194,111,3464,2169.2457501143977,3326,115,2031.08337492195,34.05,2093,12.517477981065245,1,0,455.95589606778293,2799,115,251.74779810652439,0.0
2,6,Test_2/Level_6.pkl,2094,36,18,108,121,8.11111111111111,10.0,5,6,0,16,6.0,0.02,8,2,3080,3210,10,1,0.01,2094,1228.266665285173,118,3656,1492.9789724186398,3211,121,959.866325677569,38.66800202839757,2094,64.7740514585965,6,102,544.8270616514714,2801,121,339.68136069340915,1.3772378516624042
2,7,Test_2/Level_7.pkl,2095,36,18,108,121,9.222222222222221,10.0,5,6,0,18,6.0,0.02,8,2,3123,3269,10,1,0.01,2095,1216.904873712511,119,2023,1901.563985143993,3270,121,1098.3135558457561,15.921738154053447,2095,861.3684466180837,85,980,446.7285526386077,3270,121,258.1994209251351,8.786452408832385
2,8,Test_2/Level_8.pkl,2096,36,18,108,121,9.777777777777779,10.0,5,6,0,22,6.0,0.02,8,2,3151,3295,10,1,0.01,2096,1226.9924851465992,121,0,1092.4262202343264,3296,121,1699.2485146599186,0.0,2096,1146.9371436839215,114,176,350.5616319307884,3296,121,449.2699239477129,2.4444444444444446
2,9,Test_2/Level_9.pkl,2097,36,18,108,128,7.555555555555555,10.0,5,6,0,20,6.222222222222221,0.030000000000000006,8,2,2870,2985,10,1,0.01,2097,1293.7988890542215,128,0,1747.4314639134714,2986,128,1379.8889054221472,0.0,2097,50.2832419831636,4,569,492.1874224379399,2813,128,318.6812757039727,7.096429226123871
2,10,Test_2/Level_10.pkl,2098,36,18,108,128,8.222222222222221,10.0,5,6,0,16,6.0,0.030000000000000006,8,2,2909,3029,10,1,0.01,2098,1305.5803009307406,118,9241,2626.3493843793844,3030,128,1626.3921932332728,109.31637899840787,2098,2.8723010576626313,0,0,571.8254429638403,2681,128,287.23010576626314,0.0
2,11,Test_2/Level_11.pkl,2099,36,18,108,128,7.611111111111111,10.0,5,6,0,16,6.222222222222222,0.030000000000000006,8,2,3511,3719,10,1,0.01,2099,1290.574413386331,125,4493,1639.5814576780085,3720,128,1389.2891647200377,26.681521739130435,2099,7.3246238951397755,0,0,913.3445130748178,2952,128,732.4623895139775,0.0
2,12,Test_2/Level_12.pkl,2100,36,18,108,135,11.833333333333334,10.0,5,6,0,20,6.444444444444445,0.04,8,2,3358,3552,10,1,0.01,2100,1368.5438725770994,132,4177,3342.3818118516538,3718,135,2128.6268339232024,27.257604237867394,2100,5.421402289424248,0,19,897.261314891607,3167,135,529.8025666047624,0.12337662337662338
2,13,Test_2/Level_13.pkl,2101,36,18,108,135,8.777777777777779,10.0,5,6,0,16,6.222222222222222,0.04,8,2,3318,3496,10,1,0.01,2101,1359.2436020768673,129,8147,2564.625927641223,3885,135,1687.311343826385,52.37048863860366,2101,5.9210096799901395,0,0,899.8017367863954,3367,135,592.100967999014,0.0
2,14,Test_2/Level_14.pkl,2102,36,18,108,135,11.055555555555555,10.0,5,6,0,18,6.222222222222222,0.04,8,2,3135,3280,10,1,0.01,2102,1372.137862954501,134,2453,1529.0684193835955,3306,135,1134.9727361280734,20.78813559322034,2102,1240.571405359344,123,857,355.00681805921,3306,135,264.34716143376164,7.927933745006285
2,15,Test_2/Level_15.pkl,2103,36,18,108,141,8.277777777777779,10.0,5,6,0,14,6.0,0.05,8,2,3170,3314,10,1,0.01,2103,1480.2536160236855,136,9353,2333.4003035841424,5000,140,1889.4250307702155,101.35936571598336,2103,1345.9294547232998,134,225,507.51941787318356,5000,140,358.57047232998326,2.34375
2,16,Test_2/Level_16.pkl,2104,36,18,108,141,7.944444444444445,10.0,5,6,0,18,6.222222222222222,0.05,8,2,3009,3159,10,1,0.01,2104,1430.5611489449575,141,0,3815.7015531892866,4100,141,2056.114894495758,0.0,2104,13.608070586401452,1,0,725.6329625793666,3833,141,360.8070586401451,0.0
2,17,Test_2/Level_17.pkl,2105,36,18,108,141,10.0,10.0,5,6,0,18,6.222222222222222,0.05,8,2,3062,3188,10,1,0.01,2105,1434.772895830398,135,6622,2973.2343702519065,3353,141,1811.0555997028782,66.66233983336924,2105,5.19967553818921,0,80,864.7974047837142,2949,141,414.70439592418415,1.0526315789473684
2,18,Test_2/Level_18.pkl,2106,36,18,108,148,6.444444444444445,10.0,5,6,0,18,6.222222222222222,0.06000000000000001,8,2,3060,3174,10,1,0.01,2106,1487.3560382668543,143,3806,2115.5368781748866,5000,146,1506.4333055630295,42.291705211224176,2106,23.693479103486776,2,0,543.5674387937479,5000,146,369.3479103486775,0.0
2,19,Test_2/Level_19.pkl,2107,36,18,108,148,9.0,10.0,5,6,0,20,6.222222222222222,0.06000000000000001,8,2,3056,3176,10,1,0.01,2107,1443.8686896156044,129,11611,2888.96164663878,5000,134,2754.1637242023507,126.32705237358103,2107,4.009823032601115,0,25,613.2897660103934,5000,134,368.0875664180062,0.32894736842105265
3,0,Test_3/Level_0.pkl,2108,44,22,132,132,6.5,10.0,5,6,0,16,6.0,0.0,12,3,3280,3444,10,1,0.01,2108,1354.214601036107,127,6635,2868.9876481074893,3445,132,2134.37978761334,62.87080315997367,2108,6.132172630465588,0,0,789.409432369221,2835,132,613.2172630465587,0.0
3,1,Test_3/Level_1.pkl,2109,44,22,132,132,8.454545454545455,10.0,5,6,0,20,6.363636363636363,0.0,12,3,3092,3214,10,1,0.01,2109,1336.994103662082,127,4737,2328.2186791092336,3215,132,1636.803983229469,50.62606382978724,2109,4.600632973116082,0,0,566.1850194518128,2723,132,460.06329731160815,0.0
3,2,Test_3/Level_2.pkl,2110,44,22,132,132,7.181818181818182,10.0,5,6,0,24,6.181818181818182,0.0,12,3,3485,3693,10,1,0.01,2110,1354.7394984937198,132,0,2618.994035769628,3694,132,3473.9498493719802,0.0,2110,9.30583736007051,0,0,845.7885123219386,2887,132,930.583736007051,0.0
3,3,Test_3/Level_3.pkl,2111,44,22,132,142,8.409090909090908,10.0,5,6,0,18,6.181818181818182,0.015,12,3,3349,3527,10,1,0.01,2111,1443.547353046558,136,9531,2612.559222184512,3528,142,2063.894125733286,62.908411789225326,2111,7.568232899968424,0,0,978.0120932518539,2809,142,756.8232899968424,0.0
3,4,Test_3/Level_4.pkl,2112,44,22,132,142,8.409090909090908,10.0,5,6,0,16,6.0,0.015,12,3,2988,3112,10,1,0.01,2112,1467.3275064192937,135,8272,3053.014529101943,3113,142,2215.791048375346,95.1695959355402,2112,3.9478054191692156,0,22,727.2038423410245,2723,142,366.5754137117934,0.28205128205128205
3,5,Test_3/Level_5.pkl,2113,44,22,132,142,10.272727272727273,10.0,5,6,0,18,6.181818181818182,0.015,12,3,3093,3213,10,1,0.01,2113,1466.3386986290056,133,10253,2552.4327550103594,3214,142,1852.0055062405709,117.8186435666,2113,4.195067083415531,0,0,664.0584447855049,2846,142,419.5067083415531,0.0
3,6,Test_3/Level_6.pkl,2114,44,22,132,152,9.818181818181818,10.0,5,6,0,20,6.0,0.03,12,3,3241,3415,10,1,0.01,2114,1573.4286992407817,149,4722,4406.00947018415,3416,152,3546.724598424662,47.96145325653522,2114,5.838763509801288,0,1,760.8960238076065,2756,152,582.5249996287776,0.013513513513513514
3,7,Test_3/Level_7.pkl,2115,44,22,132,152,8.954545454545455,10.0,5,6,0,16,6.0,0.03,12,3,3301,3475,10,1,0.01,2115,1547.9145957916808,152,0,3751.0530029291936,3476,152,2791.459579168086,0.0,2115,6.706399294903321,0,0,905.1524674231956,2784,152,670.6399294903321,0.0
3,8,Test_3/Level_8.pkl,2116,44,22,132,152,6.409090909090909,10.0,5,6,0,20,6,0.03,12,3,3274,3432,10,1,0.01,2116,1541.600473475767,145,9546,1959.7143814157712,3433,152,1137.5011595406477,80.22546188036064,2116,5.506982371504874,0,51,870.644701372305,2844,152,501.65977561202584,0.49038461538461536
3,9,Test_3/Level_9.pkl,2117,44,22,132,162,6.0,10.0,5,6,0,18,6.181818181818182,0.045,12,3,3661,3897,10,1,0.01,2117,1627.6809748427213,161,575,2984.2733296721453,3898,162,1417.4877281745667,3.5060975609756095,2117,4.642435262269256,0,21,1064.370285100436,2989,162,435.86514784854717,0.28378378378378377
3,10,Test_3/Level_10.pkl,2118,44,22,132,162,7.7272727272727275,10.0,5,6,0,22,6.363636363636363,0.045,12,3,3139,3293,10,1,0.01,2118,1632.1784783797998,162,0,1665.3603914838773,3294,162,1217.8478379799865,0.0,2118,1402.4873309722489,139,952,570.3639526355074,3294,162,350.0729082075536,8.986601890173318
3,11,Test_3/Level_11.pkl,2119,44,22,132,162,10.590909090909092,10.0,5,6,0,20,6.1818181818181825,0.045,12,3,3145,3289,10,1,0.01,2119,1615.2720578451606,158,1991,1836.5860179689073,3290,162,1541.0625978267885,19.861431866892687,2119,26.46203745638671,2,104,741.668707055717,2753,162,501.75930119422674,1.4444444444444444
3,12,Test_3/Level_12.pkl,2120,44,22,132,172,8.636363636363637,10.0,5,6,0,20,6.0,0.06,12,3,3135,3283,10,1,0.01,2120,1734.3824562497618,172,0,1900.4496156066205,3571,172,1438.245624976175,0.0,2120,1053.8247792278964,102,3658,752.290268037328,3571,172,542.9215705086862,28.3955635228096
3,13,Test_3/Level_13.pkl,2121,44,22,132,172,7.954545454545454,10.0,5,6,0,22,6.181818181818182,0.06,12,3,3304,3478,10,1,0.01,2121,1735.010712675115,169,4888,1666.7302388701237,3526,172,919.459891036554,35.8161137647495,2121,6.222858994420385,0,0,1120.987985713636,3112,172,622.2858994420385,0.0
3,14,Test_3/Level_14.pkl,2122,44,22,132,172,8.681818181818182,10.0,5,6,0,20,6,0.06,12,3,3259,3419,10,1,0.01,2122,1725.3708510793729,169,3877,1991.4240142816284,3481,172,1000.7826755719442,25.363024323653512,2122,5.827615088252813,0,22,1139.161497391162,3023,172,569.0115088252812,0.1375
3,15,Test_3/Level_15.pkl,2123,44,22,132,182,9.545454545454545,10.0,5,6,0,20,6.181818181818182,0.075,12,3,2979,3099,10,1,0.01,2123,1884.2175631399025,180,4506,4281.126531439078,4087,182,2163.422980656919,62.583333333333336,2123,629.1183634994787,59,3388,911.2420015999459,4087,182,428.1420903733431,34.836942595745256
3,16,Test_3/Level_16.pkl,2124,44,22,132,182,8.863636363636363,10.0,5,6,0,22,6.363636363636363,0.075,12,3,3240,3424,10,1,0.01,2124,1797.7766673894764,172,7470,2122.473143308544,5000,181,938.396584786183,68.39270154161458,2124,5.432490183194059,0,0,1232.7757480811351,5000,181,543.2490183194059,0.0
3,17,Test_3/Level_17.pkl,2125,44,22,132,182,7.863636363636363,10.0,5,6,0,18,6.181818181818182,0.075,12,3,3174,3326,10,1,0.01,2125,1893.533319426789,176,10848,2704.337492275893,4699,182,1776.3018513630977,115.77030091315807,2125,16.96026929342444,1,121,898.3115036826958,4461,182,556.6257634706897,1.394011658717541
3,18,Test_3/Level_18.pkl,2126,44,22,132,192,8.045454545454545,10.0,5,6,0,16,6.0,0.09,12,3,3024,3148,10,1,0.01,2126,1977.9120057913897,189,5941,4454.462629528255,4053,192,2675.2880602852715,61.159125188536954,2126,23.115798595940014,1,587,1213.7252786428035,3866,192,625.6824236965656,6.858974358974358
3,19,Test_3/Level_19.pkl,2127,44,22,132,192,7.2272727272727275,10.0,5,6,0,20,6.181818181818182,0.09,12,3,3217,3363,10,1,0.01,2127,1857.2980751269845,177,6464,1329.013442219256,5000,182,845.8900162546338,78.83917496443812,2127,1740.4194990680908,173,624,602.0684666100933,5000,182,363.8465886681598,6.781033181409121
4,0,Test_4/Level_0.pkl,2128,54,27,162,162,7.296296296296297,10.0,5,6,0,20,6.222222222222222,0.0,16,4,3187,3337,10,1,0.01,2128,1651.7082768699076,159,3670,3354.774127636585,3338,162,2545.6440135213784,36.25183673469388,2128,5.611994961694874,0,0,863.359770371227,2757,162,561.1994961694874,0.0
4,1,Test_4/Level_1.pkl,2129,54,27,162,162,7.555555555555555,10.0,5,6,0,22,5.925925925925926,0.0,16,4,3538,3746,10,1,0.01,2129,1649.320913129534,162,0,3776.7275856064916,3747,162,2932.0913129533915,0.0,2129,9.502990164770162,0,0,1199.9318662195374,2855,162,950.2990164770163,0.0
4,2,Test_4/Level_2.pkl,2130,54,27,162,162,9.481481481481481,10.0,5,6,0,28,6.074074074074074,0.0,16,4,3378,3556,10,1,0.01,2130,1647.7551743606398,159,4371,3240.7490072504193,3557,162,2887.861342157884,28.876560939060937,2130,9.148879748581711,0,0,1046.2760275987227,2912,162,914.8879748581711,0.0
4,3,Test_4/Level_3.pkl,2131,54,27,162,175,7.222222222222222,10.0,5,6,0,20,6.074074074074074,0.02,16,4,3142,3290,10,1,0.01,2131,1766.1435322874106,175,0,3052.340568749117,3291,175,1614.3532287410594,0.0,2131,535.0534236732935,50,3851,738.3761509101516,3000,175,394.9886357406441,31.103537315887095
4,4,Test_4/Level_4.pkl,2132,54,27,162,175,9.148148148148149,10.0,5,6,0,22,6.074074074074074,0.02,16,4,3495,3701,10,1,0.01,2132,1757.3560461661452,172,3097,2426.0319508604703,3702,175,1533.7898294599104,22.018147871545928,2132,151.22745692040985,12,3525,979.7723532259478,3231,175,579.5553415817055,25.431903504592782
4,5,Test_4/Level_5.pkl,2133,54,27,162,175,8.925925925925926,10.0,5,6,0,18,6.222222222222221,0.02,16,4,3176,3326,10,1,0.01,2133,1762.5743077803847,171,3016,2680.442025453127,3327,175,2323.4617550156245,29.33969023022852,2133,8.736425860076729,0,0,1016.1679876172512,2807,175,873.6425860076728,0.0
4,6,Test_4/Level_6.pkl,2134,54,27,162,189,7.814814814814815,10.0,5,6,0,22,5.925925925925926,0.04,16,4,3595,3817,10,1,0.01,2134,1895.0256466609171,186,2601,4366.8016626288,3818,189,1671.4161271306596,18.31148538961039,2134,6.3424530496993725,0,189,1236.1755707838047,2989,189,486.68346140995936,1.4756184355997788
4,7,Test_4/Level_7.pkl,2135,54,27,162,189,9.74074074074074,10.0,5,6,0,26,6.222222222222222,0.04,16,4,3139,3269,10,1,0.01,2135,1927.2955298267184,189,0,4086.182040799887,3270,189,3729.552982671838,0.0,2135,7.198879406258508,0,63,1079.2845351583508,2905,189,642.0577519466055,0.7783018867924528
4,8,Test_4/Level_8.pkl,2136,54,27,162,189,7.703703703703703,10.0,5,6,0,18,5.925925925925926,0.04,16,4,3496,3702,10,1,0.01,2136,1905.6118846177976,183,8238,2694.22812295956,3703,189,1843.507987522077,57.176804742577005,2136,10.733128452101205,0,257,1270.0014863812162,2854,189,896.6137215489715,1.7669912366114897
4,9,Test_4/Level_9.pkl,2137,54,27,162,202,8.925925925925926,10.0,5,6,0,22,6.074074074074074,0.06000000000000001,16,4,3555,3767,10,1,0.01,2137,2029.2006983464294,201,1108,2467.689436051435,3768,202,1080.6758952489877,8.393939393939394,2137,47.13649906447692,3,1955,1327.6088818791393,3471,202,579.6679139655371,11.339819924821555
4,10,Test_4/Level_10.pkl,2138,54,27,162,202,7.481481481481482,10.0,5,6,0,20,6.222222222222222,0.06000000000000001,16,4,3187,3335,10,1,0.01,2138,2036.7379007968445,199,3627,2057.9550129466543,3357,202,1438.0757939701666,32.35714285714286,2138,8.74297409858498,0,3,1283.19967835292,2899,202,871.8780550197883,0.024193548387096774
4,11,Test_4/Level_11.pkl,2139,54,27,162,202,7.111111111111111,10.0,5,6,0,20,6.518518518518519,0.06000000000000001,16,4,3637,3873,10,1,0.01,2139,2056.4455762969633,200,5287,5023.427471035806,3874,202,2574.176677315362,30.703809523809525,2139,27.368478547798137,2,164,1304.7257238343543,2834,202,655.6597359679325,0.8118811881188119
4,12,Test_4/Level_12.pkl,2140,54,27,162,215,8.703703703703704,10.0,5,6,0,22,5.925925925925926,0.08,16,4,3274,3448,10,1,0.01,2140,2170.3839196687454,214,1027,4112.964511379898,4190,215,2353.7253002078496,6.846666666666667,2140,5.865340505893044,0,0,1233.2332149883564,3717,215,586.5340505893043,0.0
4,13,Test_4/Level_13.pkl,2141,54,27,162,215,8.555555555555555,10.0,5,6,0,22,6.222222222222221,0.08,16,4,3396,3598,10,1,0.01,2141,2178.410377207036,213,3980,2828.6974057393377,4021,215,1779.4992591651253,30.615384615384613,2141,261.61544066823615,23,3612,1144.0082918618973,3424,215,728.519641282015,24.330244255416005
4,14,Test_4/Level_14.pkl,2142,54,27,162,215,8.62962962962963,10.0,5,6,0,22,6.222222222222222,0.08,16,4,3468,3678,10,1,0.01,2142,2165.5526496098855,212,4811,3034.312609126946,4318,215,1849.009562907222,27.062553980813263,2142,8.556834619967928,0,26,1451.5033329914818,3684,215,830.737888702163,0.24945573294629897
4,15,Test_4/Level_15.pkl,2143,54,27,162,229,7.444444444444445,10.0,5,6,0,20,6.222222222222222,0.1,16,4,3046,3168,10,1,0.01,2143,2394.4856042316082,224,9509,5573.43642600999,4653,229,3025.330939562694,124.23229483598146,2143,2135.7094565578354,213,443,375.6737437037725,4653,229,195.25620411407075,3.7568945166949343
4,16,Test_4/Level_16.pkl,2144,54,27,162,229,8.296296296296296,10.0,5,6,0,20,6.074074074074074,0.1,16,4,3082,3206,10,1,0.01,2144,2336.461026167465,225,6123,1791.9142104093366,3880,229,1156.8289680978712,74.89273648648648,2144,66.68802353120434,4,1884,1070.413616270699,3453,229,559.0809259538404,21.097214271665926
4,17,Test_4/Level_17.pkl,2145,54,27,162,229,7.148148148148148,10.0,5,6,0,18,5.925925925925926,0.1,16,4,3544,3760,10,1,0.01,2145,2311.020179303932,227,3889,2823.130557027493,4637,229,1145.5027788779983,29.565151515151516,2145,2192.947078098932,219,306,341.7133909188582,4637,229,149.24030793478704,1.4546750195841804
4,18,Test_4/Level_18.pkl,2146,54,27,162,242,8.333333333333334,10.0,5,6,0,18,5.925925925925926,0.12000000000000002,16,4,3125,3253,10,1,0.01,2146,2377.644185378737,225,11322,3107.1760565226864,5000,233,1407.3799449330916,113.57038592940572,2146,66.82250620652133,4,2025,1336.6195120557766,5000,233,564.2121064151381,21.180385142369946
4,19,Test_4/Level_19.pkl,2147,54,27,162,242,8.37037037037037,10.0,5,6,0,24,6.37037037037037,0.12000000000000002,16,4,3205,3349,10,1,0.01,2147,2408.0575180599208,238,1179,3117.3459814609323,5000,240,1997.6372702234098,8.081145357686454,2147,7.416140008616333,0,0,1250.1238676251414,5000,240,741.6140008616333,0.0
5,0,Test_5/Level_0.pkl,2148,66,33,198,198,8.515151515151516,10.0,5,6,0,22,6.181818181818182,0.0,20,5,3757,4015,10,1,0.01,2148,2011.8289988110412,197,1928,4032.699035743556,4016,198,3035.280833485085,11.476190476190476,2148,10.851676266892635,0,0,1516.7572591516728,2916,198,1085.1676266892634,0.0
5,1,Test_5/Level_1.pkl,2149,66,33,198,198,7.909090909090909,10.0,5,6,0,18,6.181818181818182,0.0,20,5,3497,3699,10,1,0.01,2149,2033.5331100022804,190,11609,5088.004586840023,3700,198,3851.781667847312,95.01529332380726,2149,7.936031678333348,0,0,1238.6054166304461,2824,198,793.6031678333349,0.0
5,2,Test_5/Level_2.pkl,2150,66,33,198,198,9.06060606060606,10.0,5,6,0,18,6.181818181818182,0.0,20,5,3367,3547,10,1,0.01,2150,2006.7580489550442,193,7716,4823.853787821941,3548,198,2810.459277434634,48.653456180697695,2150,7.793768135352616,0,0,1340.5481571576493,2938,198,779.3768135352616,0.0
5,3,Test_5/Level_3.pkl,2151,66,33,198,215,8.212121212121213,10.0,5,6,0,22,6.303030303030303,0.025,20,5,3606,3850,10,1,0.01,2151,2159.818992948112,214,787,2908.6496592715707,3851,215,1563.282273534588,4.1861702127659575,2151,40.344131307022614,3,595,1250.374469464801,3245,215,688.150292511807,3.4626283819045423
5,4,Test_5/Level_4.pkl,2152,66,33,198,215,8.06060606060606,10.0,5,6,0,20,6.0606060606060606,0.025,20,5,3563,3803,10,1,0.01,2152,2172.1108843502684,211,4395,7143.044624601446,3804,215,3351.1249610008804,28.59963474025974,2152,6.1901839882358445,0,0,1493.977811125332,2885,215,619.0183988235844,0.0
5,5,Test_5/Level_5.pkl,2153,66,33,198,215,6.787878787878788,10.0,5,6,0,28,6.303030303030303,0.025,20,5,3464,3664,10,1,0.01,2153,2171.779898329217,215,0,3300.015546841102,3665,215,2177.989832921688,0.0,2153,8.908777467300384,0,0,1340.9433609338857,2852,215,890.8777467300384,0.0
5,6,Test_5/Level_6.pkl,2154,66,33,198,231,6.575757575757576,10.0,5,6,0,20,6.424242424242424,0.05,20,5,3173,3325,10,1,0.01,2154,2335.9281048115904,229,3480,3089.8400491427265,3326,231,1398.9932768579847,31.938172043010752,2154,27.189986100514453,1,961,1196.5598792743697,2785,231,547.6266026354454,11.713720074160001
5,7,Test_5/Level_7.pkl,2155,66,33,198,231,8.181818181818182,10.0,5,6,0,20,6.303030303030303,0.05,20,5,3174,3322,10,1,0.01,2155,2346.5797982432046,228,3795,4457.883195649206,3323,231,2457.659790000423,42.00320034320035,2155,30.117905487684418,2,400,1214.6630236510093,2820,231,630.8273670846025,3.8096318168383885
5,8,Test_5/Level_8.pkl,2156,66,33,198,231,6.757575757575758,10.0,5,6,0,24,6.0606060606060606,0.05,20,5,3358,3534,10,1,0.01,2156,2321.7030204827693,230,0,3849.596672037471,3535,231,2170.3020482769425,0.0,2156,312.04422637818067,26,5822,1226.672727315714,3118,231,818.4333976805353,43.85989240137531
5,9,Test_5/Level_9.pkl,2157,66,33,198,248,7.03030303030303,10.0,5,6,0,28,6.181818181818182,0.075,20,5,3327,3503,10,1,0.01,2157,2507.7484273351492,244,5344,3741.6315150373316,3504,248,2588.0147177806452,41.86828015734265,2157,13.480777446288316,0,591,1205.2826478855536,3026,248,851.6197990242872,4.964579456045444
5,10,Test_5/Level_10.pkl,2158,66,33,198,248,7.0,10.0,5,6,0,18,6.0606060606060606,0.075,20,5,4160,4494,10,1,0.01,2158,2509.131431277012,247,2914,4963.2263656509,4495,248,1563.1431277011875,23.5,2158,681.3200612556981,65,3991,1143.5315352473008,3226,248,331.9679580673236,28.000381675024848
5,11,Test_5/Level_11.pkl,2159,66,33,198,248,7.363636363636363,10.0,5,6,0,24,6.181818181818182,0.075,20,5,3634,3872,10,1,0.01,2159,2508.8313972178166,246,4313,5121.4482677255155,3873,248,2057.5931630771947,28.255465587044533,2159,128.62914186225646,10,3065,1538.7620960947172,3279,248,590.1763431811985,22.72737843044447
5,12,Test_5/Level_12.pkl,2160,66,33,198,265,7.2727272727272725,10.0,5,6,0,20,6.303030303030303,0.1,20,5,3342,3526,10,1,0.01,2160,2677.989386247068,265,0,5853.66319851467,4391,265,2798.938624706823,0.0,2160,18.758371837323722,1,22,1865.8220987666514,3826,265,859.8951547468648,0.15942028985507245
5,13,Test_5/Level_13.pkl,2161,66,33,198,265,7.575757575757576,10.0,5,6,0,22,6.181818181818182,0.1,20,5,3362,3542,10,1,0.01,2161,2685.075185975809,265,0,5155.8730918935835,3871,265,3507.518597580867,0.0,2161,541.3046720110697,49,6274,1270.032263987699,3455,265,790.0614396468201,43.40405761460145
5,14,Test_5/Level_14.pkl,2162,66,33,198,265,6.484848484848484,10.0,5,6,0,24,6.424242424242424,0.1,20,5,3382,3560,10,1,0.01,2162,2674.6782101042018,264,855,5722.9714368236255,4203,265,2919.7440873432497,5.480769230769231,2162,76.47102650818056,5,2495,1504.06970385572,3696,265,727.7308614908363,19.193717893272197
5,15,Test_5/Level_15.pkl,2163,66,33,198,281,7.121212121212121,10.0,5,6,0,22,6.303030303030303,0.125,20,5,3499,3711,10,1,0.01,2163,2829.03424266348,279,4537,4420.32814623864,4384,281,1449.2819661531225,24.54142300194932,2163,2762.331487069188,276,158,381.7345683827833,4384,281,137.9679840272334,0.9518072289156626
5,16,Test_5/Level_16.pkl,2164,66,33,198,281,8.696969696969697,10.0,5,6,0,22,6.0606060606060606,0.125,20,5,3479,3685,10,1,0.01,2164,2820.8143440452277,270,9212,8271.368288520935,5000,278,5966.607966695957,61.14826437826843,2164,150.95928548556998,13,1512,1549.099569044702,5000,278,1006.2025409507506,10.897260076062484
5,17,Test_5/Level_17.pkl,2165,66,33,198,281,7.151515151515151,10.0,5,6,0,22,6.424242424242424,0.125,20,5,3340,3552,10,1,0.01,2165,2841.9960197803834,279,3849,5976.572989412013,4419,281,2823.676052112448,23.75925925925926,2165,28.575627031887965,2,0,1951.1756177082402,3854,281,857.5627031887965,0.0
5,18,Test_5/Level_18.pkl,2166,66,33,198,298,8.666666666666666,10.0,5,6,0,20,6.303030303030303,0.15,20,5,3267,3423,10,1,0.01,2166,2999.9715387894025,290,11555,4341.844044056323,5000,298,1692.565463136618,83.04588415803607,2166,58.32228081490686,4,1395,2036.7386083215326,4778,298,745.8829062804764,10.863451752102101
5,19,Test_5/Level_19.pkl,2167,66,33,198,298,7.03030303030303,10.0,5,6,0,26,6.303030303030303,0.15,20,5,3567,3783,10,1,0.01,2167,2991.0071484281834,295,3679,4824.574041315244,4985,298,1404.5543409797247,26.96160501838633,2167,94.24976713105879,8,1103,1918.3833068695185,4486,298,582.2430510895227,8.427336620163558
6,0,Test_6/Level_0.pkl,2168,80,40,240,240,6.7,10.0,5,6,0,26,6.1,0.0,24,6,3786,4070,10,1,0.01,2168,2419.2621916400703,239,1778,4991.706700728962,4071,240,2242.373010160854,6.838461538461538,2168,2270.6017656483855,226,780,1538.4196946140003,4071,240,697.4506589876404,3.6272590585090585
6,1,Test_6/Level_1.pkl,2169,80,40,240,240,6.35,10.0,5,6,0,26,6.2,0.0,24,6,3892,4200,10,1,0.01,2169,2427.2014314448465,237,4664,5181.818139468485,4201,240,3006.7798432335794,27.133633012511147,2169,79.05892875782324,5,2812,1684.1254166437639,3291,240,929.1640577720157,19.76728818010308
6,2,Test_6/Level_2.pkl,2170,80,40,240,240,7.325,10.0,5,6,0,24,6.4,0.0,24,6,4034,4366,10,1,0.01,2170,2447.5741639350026,240,0,6017.14351292298,4367,240,4757.4163935002425,0.0,2170,16.623778725523618,0,0,2276.038283965476,3087,240,1662.3778725523616,0.0
6,3,Test_6/Level_3.pkl,2171,80,40,240,260,6.075,10.0,5,6,0,24,6.300000000000001,0.03,24,6,3553,3767,10,1,0.01,2171,2636.121816298096,259,2515,6071.238851932442,3768,260,3288.497419283269,13.236842105263158,2171,11.859516941169405,0,63,2155.0208391242745,2936,260,1148.186347014244,0.377653471026965
6,4,Test_6/Level_4.pkl,2172,80,40,240,260,7.0,10.0,5,6,0,20,6.300000000000001,0.03,24,6,3565,3779,10,1,0.01,2172,2620.5466114756105,257,3726,5035.558235538018,3780,260,2535.7623891569633,25.18898758404083,2172,2273.6192076535067,226,843,1524.581508647411,3780,260,778.7584938493355,5.831622715013485
6,5,Test_6/Level_5.pkl,2173,80,40,240,260,5.3,10.0,5,6,0,22,6.1,0.03,24,6,3422,3612,10,1,0.01,2173,2621.0048749531625,259,0,5858.450219421292,3613,260,3100.48749531624,0.0,2173,1167.9512030146739,113,5158,1188.5058690563553,3448,260,629.3000605087636,31.658202409586224
6,6,Test_6/Level_6.pkl,2174,80,40,240,280,5.7,10.0,5,6,0,20,6.0,0.06,24,6,3606,3866,10,1,0.01,2174,2836.076002035608,278,3174,5970.1317117202825,3867,280,3020.1002035607758,25.875,2174,688.0971363322461,66,3147,1562.5800427296006,3356,280,732.0420036470696,20.776716295775323
6,7,Test_6/Level_7.pkl,2175,80,40,240,280,6.75,10.0,5,6,0,24,6.0,0.06,24,6,3515,3719,10,1,0.01,2175,2822.7101953673314,278,3424,4201.070402636492,3720,280,1834.2452815765155,24.36774255156608,2175,729.0792113254355,64,12542,1879.4090217656385,3171,280,764.6668851845816,81.43254247358969
6,8,Test_6/Level_8.pkl,2176,80,40,240,280,6.175,10.0,5,6,0,24,6.1,0.06,24,6,4027,4338,10,1,0.01,2176,2820.700503206139,279,1229,5074.002178556973,4339,280,2570.4568246789445,4.995934959349594,2176,79.002424049866,6,2464,1780.474554482395,3754,280,904.3588191755578,9.958835858110417
6,9,Test_6/Level_9.pkl,2177,80,40,240,300,6.15,10.0,5,6,0,26,6.2,0.09,24,6,3701,3943,10,1,0.01,2177,3036.669878735881,298,5062,4881.3382881658035,3944,300,2600.3040651837596,30.66683808404349,2177,89.88346608203096,6,2691,2696.2257203397508,3335,300,1496.2173621995894,14.921292460035074
6,10,Test_6/Level_10.pkl,2178,80,40,240,300,6.1,10.0,5,6,0,26,6.4,0.09,24,6,3507,3711,10,1,0.01,2178,3040.6800107987538,298,4655,7105.604188644011,3988,300,3070.97776946117,29.97023310414221,2178,1462.4349549119306,141,7381,1412.5796514145252,3988,300,615.9315264566876,46.27563964736382
6,11,Test_6/Level_11.pkl,2179,80,40,240,300,6.0,10.0,5,6,0,20,6.0,0.09,24,6,3507,3765,10,1,0.01,2179,3017.9566090891813,292,10024,4031.622194753187,3766,300,2372.800305512451,74.22860603405663,2179,865.312140526278,80,7635,2074.7482770359184,3562,300,1076.9326514806367,54.54281401147162
6,12,Test_6/Level_12.pkl,2180,80,40,240,320,5.275,10.0,5,6,0,24,6.199999999999999,0.12,24,6,3372,3558,10,1,0.01,2180,3198.9407044043437,309,10099,5722.762947704276,3665,320,2639.8014608690464,82.5426897956529,2180,45.083318532959964,1,2959,2466.247626204715,3364,320,959.0447741409487,25.49287079155048
6,13,Test_6/Level_13.pkl,2181,80,40,240,320,5.95,10.0,5,6,0,24,6.2,0.12,24,6,3465,3675,10,1,0.01,2181,3230.2301399984067,318,3847,6237.1740609751405,3992,320,2634.746736413574,23.8826726342711,2181,3117.4891660451776,311,351,1368.6618015110987,3992,320,570.402111764146,1.7851449275362319
6,14,Test_6/Level_14.pkl,2182,80,40,240,320,6.125,10.0,5,6,0,24,6.1,0.12,24,6,3693,4007,10,1,0.01,2182,3220.657402120974,317,4383,6596.593723983339,4174,320,2586.2895786330264,24.794506334643952,2182,647.9196185917712,58,13239,2312.1135565071318,3800,320,893.2047945179338,58.987570646591905
6,15,Test_6/Level_15.pkl,2183,80,40,240,340,4.95,10.0,5,6,0,26,6.199999999999999,0.15,24,6,3510,3746,10,1,0.01,2183,3411.5365465789855,340,0,3138.5446800864147,4443,340,1153.6546578985558,0.0,2183,2571.203651804734,255,2406,2074.5014903209003,4443,340,760.7136716942614,13.596515087791404
6,16,Test_6/Level_16.pkl,2184,80,40,240,340,5.7,10.0,5,6,0,24,6.3,0.15,24,6,3456,3664,10,1,0.01,2184,3310.842590055668,323,6573,8471.213371604192,5000,336,4204.871832637458,38.79387172929372,2184,3196.1987880180736,319,813,351.6769428135195,5000,336,167.35742255640034,4.52521379250926
6,17,Test_6/Level_17.pkl,2185,80,40,240,340,6.55,10.0,5,6,0,22,6.1,0.15,24,6,3538,3754,10,1,0.01,2185,3424.2289579310645,337,5049,6497.779694612699,4296,340,2619.011620880883,28.03884172225591,2185,631.8804072844168,58,7600,1911.8521946020257,3751,340,791.6054309429164,43.96435297498772
6,18,Test_6/Level_18.pkl,2186,80,40,240,360,7.575,10.0,5,6,0,18,6.2,0.18,24,6,3543,3757,10,1,0.01,2186,3569.975632626469,352,6884,4178.3641450932155,5000,360,1260.9994890005291,37.365637736463846,2186,2822.108407992771,281,1565,1285.3630763861208,5000,360,380.4429503414316,8.303978489356638
6,19,Test_6/Level_19.pkl,2187,80,40,240,360,7.425,10.0,5,6,0,22,6.0,0.18,24,6,3795,4067,10,1,0.01,2187,3356.4433059055727,331,718,10661.204344828178,5000,343,4311.144781985307,3.331858085719858,2187,29.966564467360072,2,0,2463.256276327074,5000,343,996.6564467360071,0.0
7,0,Test_7/Level_0.pkl,2188,96,48,288,288,5.75,10.0,5,6,0,26,6.083333333333333,0.0,28,7,3476,3690,10,1,0.01,2188,2905.6242129117545,287,1652,3841.7216682036537,3691,288,2113.2984841578946,14.491228070175438,2188,2839.0228742520067,283,438,1152.5128384830512,3691,288,607.333050536118,2.949543746645196
7,1,Test_7/Level_1.pkl,2189,96,48,288,288,5.854166666666667,10.0,5,6,0,22,6.333333333333334,0.0,28,7,3477,3683,10,1,0.01,2189,2905.7894810175385,287,2091,4009.8231427606615,3684,288,2430.047002852747,11.489010989010989,2189,2084.219530046805,206,3188,1144.091652516968,3684,288,665.7668125089978,17.56186192171533
7,2,Test_7/Level_2.pkl,2190,96,48,288,288,5.979166666666667,10.0,5,6,0,28,6.333333333333334,0.0,28,7,3492,3698,10,1,0.01,2190,2895.7421377495,287,1822,3026.674987478506,3699,288,1375.529564423694,11.986842105263158,2190,9.89885179888341,0,0,1987.3853677671655,2879,288,989.8851798883409,0.0
7,3,Test_7/Level_3.pkl,2191,96,48,288,311,6.520833333333333,10.0,5,6,0,24,6.166666666666666,0.034999999999999996,28,7,3759,4031,10,1,0.01,2191,3137.510804327785,310,1897,5230.665489988655,4032,311,2550.447521386086,12.00632911392405,2191,1147.4776464408046,112,3414,1525.9017826935076,3796,311,687.6012678067434,20.601633762737322
7,4,Test_7/Level_4.pkl,2192,96,48,288,311,6.229166666666667,10.0,5,6,0,24,6.166666666666667,0.034999999999999996,28,7,3603,3825,10,1,0.01,2192,3153.3648857419325,307,7445,8403.39907648641,3826,311,3726.3907174471474,46.10097856746092,2192,22.88975321740125,1,7,3097.628854083509,3101,311,1284.707029057198,0.042682926829268296
7,5,Test_7/Level_5.pkl,2193,96,48,288,311,5.958333333333333,10.0,5,6,0,20,6.166666666666666,0.034999999999999996,28,7,3819,4091,10,1,0.01,2193,3125.0959446647416,311,0,4774.220238472549,4092,311,1509.5944664741585,0.0,2193,10.793892403006371,0,0,3345.4589631206504,2973,311,1079.389240300637,0.0
7,6,Test_7/Level_6.pkl,2194,96,48,288,335,5.854166666666667,10.0,5,6,0,18,6.166666666666666,0.06999999999999999,28,7,3943,4233,10,1,0.01,2194,3368.5000152949983,335,0,6053.142641461982,4234,335,1850.0015294998448,0.0,2194,49.49939465313236,4,0,3009.920813124316,3699,335,949.939465313236,0.0
7,7,Test_7/Level_7.pkl,2195,96,48,288,335,6.25,10.0,5,6,0,26,6.25,0.06999999999999999,28,7,3844,4128,10,1,0.01,2195,3375.445402180372,332,3037,8962.160400481544,4129,335,3569.8648933619,19.746753246753247,2195,10.006387085609383,0,0,2508.2655104587184,3011,335,1000.6387085609382,0.0
7,8,Test_7/Level_8.pkl,2196,96,48,288,335,5.833333333333333,10.0,5,6,0,26,6.25,0.06999999999999999,28,7,4091,4417,10,1,0.01,2196,3379.122872199398,335,0,4873.376696135159,4418,335,2912.287219939803,0.0,2196,3181.777449743772,317,1957,833.2828017799252,4418,335,487.8683998284979,6.89876574548734
7,9,Test_7/Level_9.pkl,2197,96,48,288,358,5.479166666666667,10.0,5,6,0,24,6.166666666666666,0.10499999999999998,28,7,3717,3963,10,1,0.01,2197,3617.362765235219,357,1758,9478.545170528789,3964,358,3929.8545051732413,8.064220183486238,2197,1101.6558358377583,104,12258,2103.6012869971846,3754,358,858.5661600853838,53.07017423690452
7,10,Test_7/Level_10.pkl,2198,96,48,288,358,5.854166666666667,10.0,5,6,0,20,6.083333333333333,0.10499999999999998,28,7,3884,4166,10,1,0.01,2198,3602.861130376674,358,0,6850.964957866059,4167,358,2286.113037667397,0.0,2198,1789.3590792003429,174,10574,2007.930257912108,4050,358,738.3559042665113,41.97552015767771
7,11,Test_7/Level_11.pkl,2199,96,48,288,358,5.125,10.0,5,6,0,24,6.166666666666666,0.10499999999999998,28,7,3994,4302,10,1,0.01,2199,3602.186345042698,358,0,5833.898496015295,4303,358,2218.634504269814,0.0,2199,2657.545380566858,264,2445,1850.2426308894971,4303,358,713.57631166034,10.409617450254851
7,12,Test_7/Level_12.pkl,2200,96,48,288,381,6.6875,10.0,5,6,0,28,6.416666666666666,0.13999999999999999,28,7,3592,3828,10,1,0.01,2200,3850.733639696679,381,0,11407.331020046817,4302,381,4073.363969667879,0.0,2200,1470.986741326643,142,8211,1893.115314841852,4093,381,607.5350126359947,44.911391200282836
7,13,Test_7/Level_13.pkl,2201,96,48,288,381,5.875,10.0,5,6,0,30,6.0,0.13999999999999999,28,7,3580,3835,10,1,0.01,2201,3824.385171975723,379,3125,4639.617791687526,4071,381,1802.5906965371146,16.35926501035197,2201,2324.932036455014,227,10509,1398.6321518747989,3767,381,550.5137474057678,49.426898980956
7,14,Test_7/Level_14.pkl,2202,96,48,288,381,5.645833333333333,10.0,5,6,0,26,6.333333333333334,0.13999999999999999,28,7,3981,4281,10,1,0.01,2202,3853.350217129381,381,0,9388.809875865241,4345,381,4335.021712938093,0.0,2202,756.9252931379023,69,14137,2298.887067634981,3806,381,1014.447549224057,56.780817645661685
7,15,Test_7/Level_15.pkl,2203,96,48,288,405,5.875,10.0,5,6,0,22,6.083333333333334,0.175,28,7,3595,3821,10,1,0.01,2203,4064.8407408916532,404,1091,6086.437969704304,4786,405,1766.310931270577,7.177631578947368,2203,2902.538015132813,285,9359,1675.6369132712093,4786,405,568.7157453551115,46.85085767926206
7,16,Test_7/Level_16.pkl,2204,96,48,288,405,5.541666666666667,10.0,5,6,0,22,6.083333333333334,0.175,28,7,3931,4221,10,1,0.01,2204,4076.7883031912547,405,0,7622.275752765834,4350,405,2678.8303191254763,0.0,2204,3917.693323449603,391,1420,664.1140769373254,4350,405,230.86150099453752,5.384708439658191
7,17,Test_7/Level_17.pkl,2205,96,48,288,405,6.104166666666667,10.0,5,6,0,24,6.166666666666667,0.175,28,7,3476,3680,10,1,0.01,2205,4115.02796788122,398,17437,8463.874325353061,4853,405,2899.027516458009,106.03769271664008,2205,80.93176859131952,7,115,3015.9552964211634,4273,405,1019.6617666295176,0.7351509250243428
7,18,Test_7/Level_18.pkl,2206,96,48,288,428,5.708333333333333,10.0,5,6,0,26,6.25,0.20999999999999996,28,7,4201,4551,10,1,0.01,2206,4029.887269085451,401,1411,4564.949478874915,5000,428,1459.9573009065537,5.2876960763857515,2206,510.0142163626325,45,13677,3409.5473871959275,4835,428,1077.8147994735248,49.23606836789725
7,19,Test_7/Level_19.pkl,2207,96,48,288,428,5.375,10.0,5,6,0,22,6.0,0.20999999999999996,28,7,3654,3890,10,1,0.01,2207,4008.5929888774676,398,765,6111.17522687168,5000,419,2485.0346860260483,3.742642017207198,2207,3066.74423631105,304,3928,2229.3662922727535,5000,419,744.4915261611999,19.299321049437847
8,0,Test_8/Level_0.pkl,2208,116,58,348,348,5.017241379310345,10.0,5,6,0,30,6.344827586206897,0.0,32,8,3756,4014,10,1,0.01,2208,3500.285797534134,344,5289,5823.272859345018,4015,348,2620.0500947089254,34.08529658704504,2208,2741.8761768475074,273,934,1412.4581607991686,4015,348,584.4282883679834,6.03189396382756
8,1,Test_8/Level_1.pkl,2209,116,58,348,348,4.948275862068965,10.0,5,6,0,30,6.275862068965518,0.0,32,8,3934,4228,10,1,0.01,2209,3513.93747090207,348,0,7191.974742056569,4229,348,3393.7470902070077,0.0,2209,1337.1760882309482,125,19679,1955.3512072319675,3962,348,967.835997956452,77.49772825138373
8,2,Test_8/Level_2.pkl,2210,116,58,348,348,4.896551724137931,10.0,5,6,0,24,6.206896551724138,0.0,32,8,3780,4082,10,1,0.01,2210,3507.398397215787,343,7416,8031.988257035138,4083,348,3642.5062140845525,40.97333507494164,2210,3131.8970160312565,312,1680,944.3614664278753,4083,348,414.82078030848044,7.74880822817137
8,3,Test_8/Level_3.pkl,2211,116,58,348,375,4.689655172413793,10.0,5,6,0,24,6.344827586206897,0.04,32,8,4056,4374,10,1,0.01,2211,3779.55689938563,374,1382,7957.305593484616,4375,375,3250.587897746677,7.051020408163265,2211,2014.3535797995212,197,9634,1864.8718117191222,4221,375,745.685764672741,36.89672215279379
8,4,Test_8/Level_4.pkl,2212,116,58,348,375,5.362068965517241,10.0,5,6,0,24,6.275862068965518,0.04,32,8,4016,4334,10,1,0.01,2212,3764.4164717037343,373,2562,6349.992768269291,4335,375,1994.7385345786731,14.469086357947436,2212,12.681935215755688,0,0,3864.2508289827674,2968,375,1268.1935215755689,0.0
8,5,Test_8/Level_5.pkl,2213,116,58,348,375,5.310344827586207,10.0,5,6,0,22,6.206896551724138,0.04,32,8,3945,4249,10,1,0.01,2213,3782.284803018606,375,0,7828.163004510645,4250,375,3228.4803018605962,0.0,2213,2079.549799901468,204,7332,1857.1533496172067,4148,375,782.7062565117328,31.722737336350562
8,6,Test_8/Level_6.pkl,2214,116,58,348,401,5.482758620689655,10.0,5,6,0,32,6.413793103448276,0.08,32,8,4163,4522,10,1,0.01,2214,4071.486757623011,401,0,12985.05887022932,4523,401,6148.675762301084,0.0,2214,3418.5366267781123,339,5112,2421.946837674784,4523,401,1132.973220183456,17.206894576277683
8,7,Test_8/Level_7.pkl,2215,116,58,348,401,5.362068965517241,10.0,5,6,0,22,6.206896551724138,0.08,32,8,3546,3756,10,1,0.01,2215,4038.9952205909535,401,0,6408.260440681552,3757,401,2899.522059095365,0.0,2215,3477.0810683688114,346,2268,1280.7100098472677,3757,401,559.2277404655861,11.488790964155724
8,8,Test_8/Level_8.pkl,2216,116,58,348,401,4.948275862068965,10.0,5,6,0,28,6.137931034482758,0.08,32,8,4380,4840,10,1,0.01,2216,4060.4338713771244,401,0,10566.876661307258,4841,401,5043.387137712454,0.0,2216,1640.72639865631,157,18307,2677.136787399268,4437,401,1188.9680584942585,58.83671807136731
8,9,Test_8/Level_9.pkl,2217,116,58,348,428,5.5,10.0,5,6,0,24,6.275862068965518,0.12000000000000002,32,8,3693,3954,10,1,0.01,2217,4319.477412661881,428,0,9314.913466822667,3955,428,3947.741266188097,0.0,2217,4151.377586774782,414,1813,824.3693747177664,3955,428,358.0864770045298,7.796722004736359
8,10,Test_8/Level_10.pkl,2218,116,58,348,428,5.120689655172414,10.0,5,6,0,28,6.137931034482759,0.12000000000000002,32,8,3613,3849,10,1,0.01,2218,4300.325513719711,423,7397,7407.811797795594,3850,428,2836.7202280888687,41.9583114388225,2218,3821.5017235946552,381,1357,1251.5730631907566,3850,428,453.71546749883214,6.964568919666792
8,11,Test_8/Level_11.pkl,2219,116,58,348,428,5.844827586206897,10.0,5,6,0,24,6.275862068965518,0.12000000000000002,32,8,3887,4189,10,1,0.01,2219,4311.158799215217,428,0,7928.245796900738,4190,428,3115.8799215217464,0.0,2219,29.258286930149364,1,905,3784.2575645954216,3283,428,1526.2538056792719,3.995748873356644
8,12,Test_8/Level_12.pkl,2220,116,58,348,455,5.948275862068965,10.0,5,6,0,22,6.206896551724139,0.16,32,8,3917,4232,10,1,0.01,2220,4567.778685214841,452,5588,8567.769443501995,4687,455,2379.6497112644256,23.982188102196737,2220,42.699498782131954,3,548,3817.1404519511225,3839,455,1040.3476199140446,2.296022582991505
8,13,Test_8/Level_13.pkl,2221,116,58,348,455,5.724137931034483,10.0,5,6,0,24,6.137931034482758,0.16,32,8,3741,3997,10,1,0.01,2221,4586.9508050551385,454,2278,8810.650491662092,4103,455,3678.116219799527,10.169642857142858,2221,17.2154750226638,0,87,4132.328666249072,3506,455,1682.4061485232562,0.3914135374312365
8,14,Test_8/Level_14.pkl,2222,116,58,348,455,5.206896551724138,10.0,5,6,0,24,6.068965517241379,0.16,32,8,3759,4027,10,1,0.01,2222,4579.4340741143,454,3098,8770.658880994715,4330,455,2495.7438600280684,14.476635514018692,2222,3490.8729525032786,348,760,2482.7572782115435,4330,455,747.9088374098044,3.3938641291806095
8,15,Test_8/Level_15.pkl,2223,116,58,348,481,5.810344827586207,10.0,5,6,0,24,6.275862068965517,0.2,32,8,3844,4118,10,1,0.01,2223,4814.905499146646,479,1462,7272.947724534288,4328,481,1678.327692442451,8.122222222222222,2223,3616.313765985462,359,4619,1801.154507513988,4328,481,385.1816358959626,22.461949626502122
8,16,Test_8/Level_16.pkl,2224,116,58,348,481,5.586206896551724,10.0,5,6,0,24,6.068965517241379,0.2,32,8,3694,3946,10,1,0.01,2224,4828.486277112139,479,3543,7513.731894514284,4894,481,1943.7091648479068,19.04918546365915,2224,3424.842006165562,340,3959,2157.474569858902,4894,481,565.1755665002438,19.190250500559802
8,17,Test_8/Level_17.pkl,2225,116,58,348,481,5.603448275862069,10.0,5,6,0,26,6.206896551724138,0.2,32,8,4125,4451,10,1,0.01,2225,4749.454575739241,471,1348,8084.935124662019,5000,481,3368.778657013998,5.766789169100495,2225,1462.5228957940026,135,23954,2410.7884565475138,4477,481,859.9200811188518,103.92369498281424
8,18,Test_8/Level_18.pkl,2226,116,58,348,508,5.482758620689655,10.0,5,6,0,22,6.068965517241379,0.24000000000000005,32,8,3903,4187,10,1,0.01,2226,4833.955303140798,475,7632,11778.943115336277,5000,499,4503.505568556509,38.92024745523287,2226,4280.463417832114,425,4555,2809.405807491012,5000,499,1072.1863580133368,19.741554251979984
8,19,Test_8/Level_19.pkl,2227,116,58,348,508,4.551724137931035,10.0,5,6,0,26,6.413793103448276,0.24000000000000005,32,8,3897,4183,10,1,0.01,2227,4654.552676876587,462,1707,5704.183586557844,5000,481,2765.5773180651745,6.896903695935364,2227,4282.4732469083065,426,2933,2251.6424659622603,5000,481,1056.1702517221815,11.911544391084952
9,0,Test_9/Level_0.pkl,2228,140,70,420,420,4.785714285714286,10.0,5,6,0,30,6.114285714285714,0.0,36,9,3721,3971,10,1,0.01,2228,4250.872582322055,420,0,12126.126341835537,3972,420,5087.25823220548,0.0,2228,2256.902910291008,217,17392,2509.5112036717,3723,420,967.6888783255408,77.22602150775279
9,1,Test_9/Level_1.pkl,2229,140,70,420,420,4.7,10.0,5,6,0,24,6.228571428571429,0.0,36,9,3919,4225,10,1,0.01,2229,4233.355039186472,419,573,10283.5573628207,4226,420,4067.7469093014192,2.677570093457944,2229,3915.6983933181336,389,3115,3127.3322863101484,4226,420,1199.563596613266,13.702757352001003
9,2,Test_9/Level_2.pkl,2230,140,70,420,420,4.042857142857143,10.0,5,6,0,28,6.342857142857143,0.0,36,9,4138,4480,10,1,0.01,2230,4252.643659275094,420,0,12729.670745573318,4481,420,5264.36592750944,0.0,2230,1978.9036579285162,190,18152,3342.733565813773,4183,420,1400.1047768168391,64.90261016034798
9,3,Test_9/Level_3.pkl,2231,140,70,420,450,4.414285714285715,10.0,5,6,0,22,6.114285714285714,0.045,36,9,3895,4197,10,1,0.01,2231,4543.122876854151,450,0,11727.1300133647,4198,450,4312.28768541518,0.0,2231,3245.5563815289115,322,4653,1341.8095849357148,4069,450,491.4653500355768,20.641728028555914
9,4,Test_9/Level_4.pkl,2232,140,70,420,450,5.114285714285714,10.0,5,6,0,34,6.2857142857142865,0.045,36,9,4341,4725,10,1,0.01,2232,4539.652431451221,450,0,9262.863588963666,4726,450,3965.243145122064,0.0,2232,3957.0959636822686,393,6108,1775.2304534287061,4726,450,779.0596136407496,19.305367545861074
9,5,Test_9/Level_5.pkl,2233,140,70,420,450,4.542857142857143,10.0,5,6,0,30,6.285714285714286,0.045,36,9,3917,4210,10,1,0.01,2233,4553.5161572411525,450,0,11423.716365224196,4211,450,5351.615724115289,0.0,2233,1077.996622967972,103,7383,3573.580652560987,3820,450,1577.492942197763,32.22169354599427
9,6,Test_9/Level_6.pkl,2234,140,70,420,480,4.1571428571428575,10.0,5,6,0,22,6.228571428571429,0.09,36,9,3898,4186,10,1,0.01,2234,4824.958746575098,479,2423,10323.174315958755,4187,480,2578.0716272068694,9.178030303030303,2234,3841.949730250901,381,7275,1727.2503056663518,4187,480,430.20854120380017,27.647644838863123
9,7,Test_9/Level_7.pkl,2235,140,70,420,480,4.8428571428571425,10.0,5,6,0,22,6.171428571428571,0.09,36,9,3710,3970,10,1,0.01,2235,4815.944180744263,477,2711,10504.949026180615,3971,480,2786.5728636265976,18.078452107996817,2235,59.55706695377966,3,2898,4961.158001785633,3102,480,1315.9059907135256,16.398007046644402
9,8,Test_9/Level_8.pkl,2236,140,70,420,480,3.9,10.0,5,6,0,24,6.171428571428571,0.09,36,9,3764,4022,10,1,0.01,2236,4828.490939657128,480,0,7680.331541939776,4023,480,2849.093965712858,0.0,2236,3583.0276901141074,355,5959,1645.5187254354696,4023,480,612.5973387152503,26.901716726954948
9,9,Test_9/Level_9.pkl,2237,140,70,420,510,5.042857142857143,10.0,5,6,0,26,6.285714285714286,0.135,36,9,3929,4249,10,1,0.01,2237,5141.76107417884,509,2343,10921.122546611607,4250,510,4231.3493533679675,9.44758064516129,2237,2835.6375269238506,278,10714,3169.0558172294805,4134,510,1159.1142840474224,44.04638408337644
9,10,Test_9/Level_10.pkl,2238,140,70,420,510,4.6571428571428575,10.0,5,6,0,32,6.228571428571429,0.135,36,9,4042,4354,10,1,0.01,2238,5136.129219957982,510,0,12868.174797371035,4355,510,3612.921995798226,0.0,2238,4418.8198526200795,438,7811,2749.353496721684,4355,510,777.2942489925948,31.046910130153133
9,11,Test_9/Level_11.pkl,2239,140,70,420,510,4.485714285714286,10.0,5,6,0,26,6.114285714285714,0.135,36,9,4215,4559,10,1,0.01,2239,5125.689151997786,510,0,8702.971796346757,4560,510,2568.9151997786303,0.0,2239,4388.016987330737,437,3551,1853.2913598722455,4477,510,551.0300959914471,12.5066863708224
9,12,Test_9/Level_12.pkl,2240,140,70,420,540,4.0285714285714285,10.0,5,6,0,28,6.4,0.18,36,9,3933,4223,10,1,0.01,2240,5451.518444418588,538,3272,11386.531653939956,4490,540,5693.0148157725025,14.58829626086263,2240,4830.963121207444,480,3453,3457.884037192867,4490,540,1566.0674055047925,15.302447152395464
9,13,Test_9/Level_13.pkl,2241,140,70,420,540,4.957142857142857,10.0,5,6,0,30,6.171428571428572,0.18,36,9,3655,3893,10,1,0.01,2241,5433.179447509119,538,3333,9561.239150420099,4398,540,3513.0141953563907,18.049305555555556,2241,5208.259274807825,520,1033,942.2353477494047,4398,540,345.4933207686504,4.8043416001383425
9,14,Test_9/Level_14.pkl,2242,140,70,420,540,4.1,10.0,5,6,0,26,6.228571428571429,0.18,36,9,4361,4759,10,1,0.01,2242,5428.346163399506,540,0,11083.366956857808,4760,540,2834.6163399505367,0.0,2242,539.7595796261714,49,11184,6143.229350392221,4210,540,1575.6096627377663,34.0034829987938
9,15,Test_9/Level_15.pkl,2243,140,70,420,570,5.542857142857143,10.0,5,6,0,24,6.228571428571429,0.225,36,9,3844,4116,10,1,0.01,2243,5611.7257552549345,556,1378,13729.067739755308,5000,570,4619.023904689165,5.535516208043278,2243,2325.159379286616,226,11831,3738.385905828846,4804,570,1203.3728935413399,53.12565035120268
9,16,Test_9/Level_16.pkl,2244,140,70,420,570,4.1,10.0,5,6,0,22,6.4,0.225,36,9,3633,3861,10,1,0.01,2244,5724.588034830997,567,2839,11071.790761349874,5000,570,3063.1179464797615,23.956855366198948,2244,5423.139789461882,541,2060,550.5092963003352,5000,570,153.92939897327807,11.600495472149271
9,17,Test_9/Level_17.pkl,2245,140,70,420,570,4.714285714285714,10.0,5,6,0,26,6.4,0.225,36,9,3866,4154,10,1,0.01,2245,5716.239541465576,563,7610,13548.905460877115,5000,570,5060.4670989922015,35.63487047565405,2245,576.6579751016026,51,11624,4017.7811334919506,4408,570,1470.8469487394466,51.94950561420813
9,18,Test_9/Level_18.pkl,2246,140,70,420,600,4.6571428571428575,10.0,5,6,0,24,6.114285714285714,0.27,36,9,4664,5126,10,1,0.01,2246,5539.235292138128,549,6976,14758.057240485074,5000,600,3226.5386011059036,16.9699061270683,2246,1642.7804005019798,155,32910,3859.791997085419,5000,600,854.3299769105506,84.23710073287438
9,19,Test_9/Level_19.pkl,2247,140,70,420,600,4.214285714285714,10.0,5,6,0,32,6.228571428571429,0.27,36,9,4727,5173,10,1,0.01,2247,5393.528850913832,536,5034,10274.186860650543,5000,598,2093.457524043836,12.594275673392572,2247,5155.4331056914525,513,6873,4195.759716625044,5000,598,837.4733286388861,17.05837240506414
10,0,Test_10/Level_0.pkl,2248,168,84,504,504,3.9642857142857144,10.0,5,6,0,28,6.142857142857142,0.0,40,10,4538,4946,10,1,0.01,2248,5094.414579801103,504,0,13540.94769383339,4947,504,5441.45798011034,0.0,2248,1554.4050141963025,149,13765,3925.094828493437,4342,504,1626.374745567321,48.14126674062939
10,1,Test_10/Level_1.pkl,2249,168,84,504,504,4.154761904761905,10.0,5,6,0,24,6.238095238095238,0.0,40,10,4032,4344,10,1,0.01,2249,5070.670336054683,503,161,10869.799101222967,4345,504,3995.794667415127,0.7123893805309734,2249,3657.920143098985,362,6993,2606.61986644952,4345,504,939.6114797162442,28.52402830182293
10,2,Test_10/Level_2.pkl,2250,168,84,504,504,4.5476190476190474,10.0,5,6,0,28,6.190476190476191,0.0,40,10,4250,4602,10,1,0.01,2250,5086.055510337047,504,0,13953.537460881333,4603,504,4605.551033704738,0.0,2250,1567.859929551184,151,13019,4473.592795096056,4446,504,1480.9893169244524,43.050036381939506
10,3,Test_10/Level_3.pkl,2251,168,84,504,537,4.714285714285714,10.0,5,6,0,30,6.238095238095237,0.05,40,10,4221,4587,10,1,0.01,2251,5413.608173413226,537,0,13242.888976681646,4588,537,4360.817341322539,0.0,2251,4951.98752906036,493,4810,1754.1618848828934,4588,537,643.6495130592411,15.551033929768266
10,4,Test_10/Level_4.pkl,2252,168,84,504,537,3.988095238095238,10.0,5,6,0,30,6.095238095238095,0.05,40,10,4280,4642,10,1,0.01,2252,5406.784069261514,536,1005,13224.895742356202,4643,537,4300.587377279246,3.7781954887218046,2252,3424.2301303037416,338,8852,4002.579534648334,4554,537,1396.1049672010838,30.26908063173099
10,5,Test_10/Level_5.pkl,2253,168,84,504,537,4.404761904761905,10.0,5,6,0,26,6.142857142857142,0.05,40,10,4522,4940,10,1,0.01,2253,5414.494184527312,537,0,12498.62497367857,4941,537,4449.418452731209,0.0,2253,3956.9483046817013,391,12355,3037.8355113457756,4884,537,1071.1437575484997,36.23686710621638
10,6,Test_10/Level_6.pkl,2254,168,84,504,571,4.011904761904762,10.0,5,6,0,30,6.285714285714286,0.1,40,10,4359,4739,10,1,0.01,2254,5749.442275548975,571,0,11878.066422163129,4740,571,3944.2275548975235,0.0,2254,3979.6527622083954,391,18028,3861.820759335772,4740,571,1315.3169552905829,56.49959265548992
10,7,Test_10/Level_7.pkl,2255,168,84,504,571,4.238095238095238,10.0,5,6,0,32,6.142857142857142,0.1,40,10,4510,4932,10,1,0.01,2255,5741.424939013876,571,0,10500.395515829687,4933,571,3142.493901387607,0.0,2255,2651.507817158246,260,12831,4210.464177954243,4699,571,1264.5271645657429,38.862545512588426
10,8,Test_10/Level_8.pkl,2256,168,84,504,571,4.666666666666667,10.0,5,6,0,34,6.095238095238095,0.1,40,10,3927,4240,10,1,0.01,2256,5731.20101709924,571,0,8045.051058439032,4241,571,2120.1017099239575,0.0,2256,5537.905221510324,553,1090,1104.4958668409938,4241,571,294.07101067393535,4.964511403585016
10,9,Test_10/Level_9.pkl,2257,168,84,504,604,4.214285714285714,10.0,5,6,0,30,6.238095238095238,0.15,40,10,4138,4508,10,1,0.01,2257,6071.736795874234,603,1069,11181.183135045983,4509,604,3696.4474445662904,4.772321428571429,2257,5071.248919681833,504,6399,2572.9519060608504,4340,604,862.0606068203887,22.62831361362865
10,10,Test_10/Level_10.pkl,2258,168,84,504,604,4.666666666666667,10.0,5,6,0,22,6.238095238095238,0.15,40,10,3951,4261,10,1,0.01,2258,6081.8048408812765,604,0,11221.652258604805,4262,604,4180.48408812763,0.0,2258,4273.767594789048,421,12634,2670.589145471392,4262,604,1042.5252555997781,53.342342233050914
10,11,Test_10/Level_11.pkl,2259,168,84,504,604,4.392857142857143,10.0,5,6,0,32,6.190476190476191,0.15,40,10,4241,4605,10,1,0.01,2259,6106.546528252477,604,0,17020.815796176383,4606,604,6654.6528252477765,0.0,2259,4998.067446693121,496,9201,2698.7940137832134,4606,604,1058.7264961612364,27.480181731509468
10,12,Test_10/Level_12.pkl,2260,168,84,504,637,4.273809523809524,10.0,5,6,0,26,6.142857142857143,0.2,40,10,3911,4201,10,1,0.01,2260,6404.726945732266,636,394,12481.722911014085,4548,637,4311.219163390649,1.6147540983606556,2260,5492.714862157987,548,1613,1747.9909521079971,4548,637,607.3570427346704,6.641291730641078
10,13,Test_10/Level_13.pkl,2261,168,84,504,637,4.107142857142857,10.0,5,6,0,26,6.238095238095238,0.2,40,10,4065,4387,10,1,0.01,2261,6418.525728770016,637,0,12490.600918949676,4785,637,4852.572877001612,0.0,2261,4423.167024516457,438,9090,2631.746548462814,4770,637,991.8154162091478,33.248870354364975
10,14,Test_10/Level_14.pkl,2262,168,84,504,637,4.166666666666667,10.0,5,6,0,28,6.333333333333333,0.2,40,10,3919,4239,10,1,0.01,2262,6406.318390645499,637,0,10873.108947328474,4240,637,3631.8390645498775,0.0,2262,5716.044395776106,570,2655,1343.0870488190337,4240,637,461.72605775563835,11.42713519854984
10,15,Test_10/Level_15.pkl,2263,168,84,504,671,3.7857142857142856,10.0,5,6,0,24,6.142857142857142,0.25,40,10,4106,4428,10,1,0.01,2263,6708.856643019889,666,1921,13961.950991491058,5000,671,4110.948097546753,7.747162044420818,2263,6151.839790440771,613,4690,1967.4187822566037,5000,671,618.4179662483422,15.655610778288066
10,16,Test_10/Level_16.pkl,2264,168,84,504,671,4.309523809523809,10.0,5,6,0,30,6.2857142857142865,0.25,40,10,4044,4370,10,1,0.01,2264,6754.686038451769,671,0,15378.778832774873,4752,671,4468.603845176864,0.0,2264,5349.336185127532,529,13928,3153.079196623473,4627,671,1035.9527497819167,48.976657629713266
10,17,Test_10/Level_17.pkl,2265,168,84,504,671,4.309523809523809,10.0,5,6,0,28,6.238095238095238,0.25,40,10,4231,4579,10,1,0.01,2265,6432.324480978117,640,1389,10921.651072109824,5000,671,2729.6459281688108,5.028021696428928,2265,5917.10743848183,589,5128,3598.923832720776,5000,671,875.5492989998031,18.351945491832222
10,18,Test_10/Level_18.pkl,2266,168,84,504,704,4.345238095238095,10.0,5,6,0,24,6.238095238095238,0.3,40,10,3957,4251,10,1,0.01,2266,6810.178296752669,677,1139,12027.655420475605,5000,704,3549.8162697104285,4.680134055564748,2266,6212.040975275544,618,6266,2490.2190065680174,5000,704,738.5335259273841,24.655640016270144
10,19,Test_10/Level_19.pkl,2267,168,84,504,704,3.869047619047619,10.0,5,6,0,28,6.142857142857142,0.3,40,10,4077,4407,10,1,0.01,2267,6844.838233238655,681,1845,12334.923286369682,5000,704,2761.786426625371,7.220368972402101,2267,6252.4469258013405,622,7166,3279.4327078671563,5000,704,754.411610469959,24.902809696641665
11,0,Test_11/Level_0.pkl,2268,202,101,606,606,3.514851485148515,10.0,5,6,0,26,6.178217821782178,0.0,44,11,4241,4593,10,1,0.01,2268,6174.925936982806,606,0,20598.911840984598,4594,606,11492.593698280623,0.0,2268,3895.0764556512822,384,11163,3205.405418580167,4586,606,1699.1930756904474,38.08452489437783
11,1,Test_11/Level_1.pkl,2269,202,101,606,606,3.5544554455445545,10.0,5,6,0,26,6.178217821782178,0.0,44,11,4227,4601,10,1,0.01,2269,6118.483159354806,604,3247,17568.903632433332,4602,606,6171.644812485953,16.766711229946523,2269,1422.1400632534805,133,19561,4532.864051678162,4020,606,1506.2725523817483,77.07733772966299
11,2,Test_11/Level_2.pkl,2270,202,101,606,606,3.1881188118811883,10.0,5,6,0,26,6.217821782178218,0.0,44,11,4756,5222,10,1,0.01,2270,6079.905162689014,601,1774,17372.65116884332,5000,606,6594.968083181569,3.9554818571985955,2270,5444.951883881169,541,5590,5723.748140026556,5000,606,2104.4919599121727,13.90696428204811
11,3,Test_11/Level_3.pkl,2271,202,101,606,643,3.217821782178218,10.0,5,6,0,32,6.138613861386139,0.05500000000000001,44,11,4680,5118,10,1,0.01,2271,6454.802046854132,642,320,10869.549377799509,5000,643,3407.1453246825686,0.730593607305936,2271,6006.398539373464,599,2806,2415.0599133305373,5000,643,860.301759896362,7.795521774500308
11,4,Test_11/Level_4.pkl,2272,202,101,606,643,3.0792079207920793,10.0,5,6,0,28,6.138613861386139,0.05500000000000001,44,11,4537,4945,10,1,0.01,2272,6480.444395865469,643,0,15448.407809490905,4946,643,5044.439586546967,0.0,2272,5884.275865672199,586,5561,2213.7278408449197,4946,643,836.2745434444471,15.913120237754626
11,5,Test_11/Level_5.pkl,2273,202,101,606,643,3.3168316831683167,10.0,5,6,0,26,6.217821782178218,0.05500000000000001,44,11,4689,5127,10,1,0.01,2273,6466.975825811923,641,729,18411.289840636746,5000,643,5527.525882280793,1.7005669891146746,2273,5770.719447406159,574,8489,3008.7626813113748,5000,643,886.2268890186849,21.857178515971686
11,6,Test_11/Level_6.pkl,2274,202,101,606,679,3.5544554455445545,10.0,5,6,0,34,6.257425742574258,0.11000000000000001,44,11,4055,4387,10,1,0.01,2274,6844.742692857603,678,2959,18721.60080850324,4388,679,4360.697857188892,21.135714285714286,2274,6356.579940244691,634,3362,1375.0162328451586,4088,679,361.09276672256374,12.969012577465286
11,7,Test_11/Level_7.pkl,2275,202,101,606,679,3.0495049504950495,10.0,5,6,0,26,6.297029702970297,0.11000000000000001,44,11,4968,5464,10,1,0.01,2275,6491.111855413241,643,10523,12108.108534072506,5000,679,3864.853984594821,22.463315567292966,2275,6289.646054586933,626,11302,1632.556074181165,5000,679,533.5779435267813,24.31027515166521
11,8,Test_11/Level_8.pkl,2276,202,101,606,679,3.1386138613861387,10.0,5,6,0,24,6.099009900990099,0.11000000000000001,44,11,4199,4565,10,1,0.01,2276,6834.88040732482,679,0,12238.82076656433,4566,679,4488.040732481992,0.0,2276,6702.559105780056,669,1221,2268.1469471560104,4566,679,842.1449639536195,4.13765614051921
11,9,Test_11/Level_9.pkl,2277,202,101,606,716,3.267326732673267,10.0,5,6,0,28,6.178217821782178,0.165,44,11,4446,4854,10,1,0.01,2277,7199.057709929758,716,0,16371.133906683035,4855,716,3905.770992975835,0.0,2277,6727.116276045242,671,3722,2376.1755197084817,4855,716,668.9603854121608,10.426672191120112
11,10,Test_11/Level_10.pkl,2278,202,101,606,716,3.267326732673267,10.0,5,6,0,28,6.257425742574258,0.165,44,11,4268,4624,10,1,0.01,2278,7191.099686990161,715,206,11556.429849527687,4625,716,4037.4334877485358,0.7253521126760564,2278,5545.758350800301,551,7975,2923.6683587065227,4625,716,995.6096006435447,25.80225479386565
11,11,Test_11/Level_11.pkl,2279,202,101,606,716,3.4158415841584158,10.0,5,6,0,28,6.178217821782178,0.165,44,11,4185,4563,10,1,0.01,2279,7196.724525465799,716,0,18354.60770855071,4564,716,3672.4525465798833,0.0,2279,2058.870622211455,196,25187,6208.627278958959,4263,716,1270.0514373018054,86.17010783843726
11,12,Test_11/Level_12.pkl,2280,202,101,606,753,3.376237623762376,10.0,5,6,0,24,6.178217821782178,0.22000000000000003,44,11,4647,5083,10,1,0.01,2280,7561.77258628332,752,353,14670.614671193416,5000,753,4096.29532557976,0.8096330275229358,2280,6181.397365830364,614,8841,5441.456781668923,5000,753,1648.831666292585,24.909049167437924
11,13,Test_11/Level_13.pkl,2281,202,101,606,753,3.089108910891089,10.0,5,6,0,30,6.0594059405940595,0.22000000000000003,44,11,4372,4764,10,1,0.01,2281,7562.118179697417,753,0,12974.299791428575,4952,753,3211.817969741675,0.0,2281,6666.6476122345985,664,6569,1850.0780882304762,4952,753,479.60074643800294,21.851604770218422
11,14,Test_11/Level_14.pkl,2282,202,101,606,753,3.396039603960396,10.0,5,6,0,38,6.138613861386139,0.22000000000000003,44,11,5033,5553,10,1,0.01,2282,7338.867991847339,729,5948,16615.341024947396,5000,753,3601.7640453252034,12.850351394087193,2282,5944.94290702276,589,19407,4187.397847350652,5000,753,924.7765614306014,45.69514140845334
11,15,Test_11/Level_15.pkl,2283,202,101,606,789,3.4257425742574257,10.0,5,6,0,28,6.099009900990099,0.275,44,11,4572,4990,10,1,0.01,2283,7419.199778083261,738,2681,17763.61114059646,5000,786,3172.1932265282594,7.477845817977968,2283,7303.515469348245,729,3629,1535.7425864517409,5000,786,317.8998565973384,10.336470782270805
11,16,Test_11/Level_16.pkl,2284,202,101,606,789,3.6930693069306932,10.0,5,6,0,22,6.257425742574258,0.275,44,11,4672,5114,10,1,0.01,2284,7711.2415428940685,766,4279,17036.162445067355,5000,789,3964.156469778318,11.59997819628567,2284,6382.886880719005,634,12201,4206.916303092473,5000,789,991.1519969269202,32.97536074973514
11,17,Test_11/Level_17.pkl,2285,202,101,606,789,3.4752475247524752,10.0,5,6,0,28,6.217821782178218,0.275,44,11,4218,4566,10,1,0.01,2285,7932.448145472022,788,3455,15332.863615376378,4889,789,3965.1849175725083,12.796296296296296,2285,7780.08041412509,777,2288,874.7816725134139,4803,789,239.59309532889296,7.684483171800888
11,18,Test_11/Level_18.pkl,2286,202,101,606,826,3.227722772277228,10.0,5,6,0,30,6.138613861386139,0.33,44,11,4308,4672,10,1,0.01,2286,7753.86299907985,771,2664,18579.011323019637,5000,826,3570.6877939039287,8.156121140810605,2286,6681.479540497618,664,9085,6286.715259473521,5000,826,1355.489826747041,27.92464223014752
11,19,Test_11/Level_19.pkl,2287,202,101,606,826,3.1386138613861387,10.0,5,6,0,28,6.138613861386139,0.33,44,11,4574,4996,10,1,0.01,2287,7529.974259041762,748,2004,15486.717117957345,5000,793,4454.723728791446,5.427021753846575,2287,6465.976652375233,643,8782,4279.287102955934,5000,793,1143.9680169810197,24.536972205423027
12,0,Test_12/Level_0.pkl,2288,244,122,732,732,2.4672131147540983,10.0,5,6,0,30,6.0983606557377055,0.0,48,12,4200,4554,10,1,0.01,2288,7367.369352479559,731,3075,12661.224763954977,4555,732,4244.216801353912,14.927184466019417,2288,6327.074592636871,629,7112,3843.8639876182756,4555,732,1274.8672830688042,24.32591980618323
12,1,Test_12/Level_1.pkl,2289,244,122,732,732,2.360655737704918,10.0,5,6,0,28,6.196721311475409,0.0,48,12,4424,4832,10,1,0.01,2289,7368.422283558461,732,0,12676.911012608054,4833,732,4842.22835584606,0.0,2289,6880.069826821542,687,1734,1293.587410429561,4833,732,504.89619576154485,5.020864863926682
12,2,Test_12/Level_2.pkl,2290,244,122,732,732,2.418032786885246,10.0,5,6,0,30,6.295081967213115,0.0,48,12,4770,5240,10,1,0.01,2290,7328.258355854343,726,2002,16664.506773179648,5000,732,6377.568819058238,4.482667663760291,2290,6811.088513350003,679,4087,2793.8713442906705,5000,732,1115.9438365368562,9.929074984634738
12,3,Test_12/Level_3.pkl,2291,244,122,732,772,2.540983606557377,10.0,5,6,0,32,6.098360655737705,0.06,48,12,4989,5489,10,1,0.01,2291,7482.008055623721,743,8868,12604.109783090595,5000,772,3316.6946675103095,18.84110894861779,2291,6254.122193872098,620,17036,4440.880218605031,5000,772,1222.3347515940309,41.89884635615787
12,4,Test_12/Level_4.pkl,2292,244,122,732,772,2.2868852459016393,10.0,5,6,0,34,6.229508196721312,0.06,48,12,4370,4750,10,1,0.01,2292,7747.079867681775,772,0,10220.878641495474,4751,772,2707.986768177499,0.0,2292,7647.948197287574,764,1679,1031.5327700016553,4751,772,280.4353514531771,5.143843773041708
12,5,Test_12/Level_5.pkl,2293,244,122,732,772,2.6147540983606556,10.0,5,6,0,30,6.196721311475409,0.06,48,12,4238,4596,10,1,0.01,2293,7763.545067497629,772,0,12413.676085919873,4597,772,4354.506749762925,0.0,2293,6591.6563413287395,656,6343,3183.17026899227,4597,772,1119.2978599872454,20.463362728867146
12,6,Test_12/Level_6.pkl,2294,244,122,732,812,2.5737704918032787,10.0,5,6,0,28,6.0983606557377055,0.12,48,12,4988,5502,10,1,0.01,2294,7691.09334339919,761,15531,18422.588620542258,5000,812,4802.856245972185,33.06478093946868,2294,7469.722152350864,743,16382,1680.7861123921293,5000,812,444.9381538574257,35.27277081229017
12,7,Test_12/Level_7.pkl,2295,244,122,732,812,2.5,10.0,5,6,0,28,6.163934426229508,0.12,48,12,4501,4903,10,1,0.01,2295,8161.715681923715,812,0,17561.851472222294,4904,812,4171.5681923715165,0.0,2295,7870.159752449112,786,1518,2463.3803427831485,4904,812,590.6801565480575,4.252950883631692
12,8,Test_12/Level_8.pkl,2296,244,122,732,812,2.122950819672131,10.0,5,6,0,28,6.262295081967213,0.12,48,12,4068,4392,10,1,0.01,2296,8166.1909281994895,812,0,14997.830591077918,4393,812,4619.092819948906,0.0,2296,7351.862104894408,733,4232,1694.1199277083201,4393,812,529.1377475013707,16.570727419393393
12,9,Test_12/Level_9.pkl,2297,244,122,732,852,2.557377049180328,10.0,5,6,0,24,6.229508196721311,0.18,48,12,4493,4917,10,1,0.01,2297,8555.29521409073,852,0,16553.52725713687,4918,852,3529.521409072849,0.0,2297,8035.943211470455,802,3158,2978.713644875754,4918,852,670.8457838243022,9.234753632211891
12,10,Test_12/Level_10.pkl,2298,244,122,732,852,2.6147540983606556,10.0,5,6,0,30,6.229508196721311,0.18,48,12,4473,4883,10,1,0.01,2298,8567.51512909713,852,0,16425.54439796416,4884,852,4751.512909712897,0.0,2298,8117.991425718601,809,5690,3719.4367108332804,4884,852,1178.278274640063,16.20864297220055
12,11,Test_12/Level_11.pkl,2299,244,122,732,852,2.4836065573770494,10.0,5,6,0,24,6.163934426229508,0.18,48,12,4566,5004,10,1,0.01,2299,8545.616826770425,851,434,15812.555990186636,5000,852,3462.595919051578,0.9908675799086758,2299,7570.883082701301,756,1528,2872.408807110878,5000,852,656.8825766708912,4.31425693459167
12,12,Test_12/Level_12.pkl,2300,244,122,732,892,2.5245901639344264,10.0,5,6,0,26,6.19672131147541,0.24,48,12,4666,5112,10,1,0.01,2300,8918.358017207194,887,1947,15915.498935634476,5000,892,4388.588957347938,4.472127633715763,2300,8791.087574204677,878,3030,1193.5292303554165,5000,892,373.7498949225888,7.350075255452204
12,13,Test_12/Level_13.pkl,2301,244,122,732,892,2.4754098360655736,10.0,5,6,0,30,6.19672131147541,0.24,48,12,5416,6006,10,1,0.01,2301,7160.489456905168,705,39635,15108.018538163979,5000,892,3330.1327240168284,77.18812966499928,2301,6706.939469786809,661,44970,3973.334111920024,5000,892,903.6895849995644,87.90257393681323
12,14,Test_12/Level_14.pkl,2302,244,122,732,892,2.401639344262295,10.0,5,6,0,26,6.19672131147541,0.24,48,12,4702,5146,10,1,0.01,2302,8704.829157559327,865,7822,18246.242124758,5000,892,3701.3907564402416,17.815249994924518,2302,7323.88959232062,727,19847,3288.7015449839673,5000,892,673.0851604059085,47.15874071656035
12,15,Test_12/Level_15.pkl,2303,244,122,732,932,2.6721311475409837,10.0,5,6,0,36,6.229508196721312,0.3,48,12,4289,4649,10,1,0.01,2303,9065.72806321104,901,2595,16581.64805478894,5000,932,4723.955621799603,8.488506993045092,2303,8671.000888020095,865,4187,2558.2777949335314,5000,932,712.5922109899864,13.874965910196286
12,16,Test_12/Level_16.pkl,2304,244,122,732,932,2.581967213114754,10.0,5,6,0,30,6.163934426229508,0.3,48,12,5118,5648,10,1,0.01,2304,7594.457795625101,749,35620,15256.920105553541,5000,932,3125.3397887182123,73.20439773791878,2304,6546.316142602433,644,44920,5954.078895246373,5000,932,1404.397346335898,92.27216913907326
12,17,Test_12/Level_17.pkl,2305,244,122,732,932,2.30327868852459,10.0,5,6,0,28,6.229508196721312,0.3,48,12,4817,5281,10,1,0.01,2305,8810.84207956212,876,6339,16181.665501155669,5000,932,3529.473111501061,15.547348447109464,2305,8009.865930623297,797,12858,3386.8922043788752,5000,932,756.1609930736431,32.30432069256012
12,18,Test_12/Level_18.pkl,2306,244,122,732,972,2.319672131147541,10.0,5,6,0,26,6.131147540983607,0.36,48,12,4635,5069,10,1,0.01,2306,8915.696722481,887,2322,15872.80915559407,5000,961,3944.103024859085,6.255692232409371,2306,8337.219448089441,831,6963,3668.1923467010497,5000,961,924.2661989436521,17.97678610000629
12,19,Test_12/Level_19.pkl,2307,244,122,732,972,2.540983606557377,10.0,5,6,0,32,6.131147540983607,0.36,48,12,4348,4734,10,1,0.01,2307,9056.580708439807,900,6704,14915.626173621664,5000,962,3529.78172271947,21.282891212612416,2307,7934.90274853488,791,5452,3036.759381772756,5000,962,716.1910909462295,17.74083762541735
13,0,Test_13/Level_0.pkl,2308,294,147,882,882,2.122448979591837,10.0,5,6,0,28,6.17687074829932,0.0,52,13,6113,6847,10,1,0.01,2308,6558.073677115553,643,45530,17441.76788391629,5000,882,4775.604970104191,80.31762741451178,2308,5836.723693299571,573,55523,3626.1567386469624,5000,882,1017.9927699449524,96.54376560012125
13,1,Test_13/Level_1.pkl,2309,294,147,882,882,2.258503401360544,10.0,5,6,0,28,6.204081632653061,0.0,52,13,4478,4880,10,1,0.01,2309,8865.844092659421,882,0,19059.36583189999,4881,882,4584.409265942191,0.0,2309,8715.07106973399,871,436,1284.0524801306328,4881,882,373.3073335708249,1.337996398280953
13,2,Test_13/Level_2.pkl,2310,294,147,882,882,2.17687074829932,10.0,5,6,0,34,6.122448979591837,0.0,52,13,4914,5402,10,1,0.01,2310,8668.401800510142,860,7305,17193.778497129962,5000,882,5270.22866485039,15.699513861638112,2310,8167.470689891789,813,11611,2906.573839149697,5000,882,1075.7453233045107,26.71323665874424
13,3,Test_13/Level_3.pkl,2311,294,147,882,925,2.129251700680272,10.0,5,6,0,30,6.204081632653061,0.065,52,13,4885,5379,10,1,0.01,2311,9144.130302325533,910,4733,14438.031510105633,5000,925,3385.215132685106,10.278150998681427,2311,8914.574244899688,890,5174,1118.185168702771,5000,925,318.24575373694654,11.39178736231779
13,4,Test_13/Level_4.pkl,2312,294,147,882,925,2.1700680272108843,10.0,5,6,0,30,6.204081632653061,0.065,52,13,5029,5537,10,1,0.01,2312,8406.864506014164,831,27883,15142.835541873406,5000,925,3862.171824163104,58.24278777253249,2312,7994.862658963621,792,29904,4751.329533162816,5000,925,1224.6056519066733,62.61660244455414
13,5,Test_13/Level_5.pkl,2313,294,147,882,925,2.183673469387755,10.0,5,6,0,32,6.149659863945578,0.065,52,13,4470,4878,10,1,0.01,2313,9295.659318305592,925,0,18789.644502290932,4879,925,4565.931830559176,0.0,2313,8448.057461369855,842,5793,3786.4899269824286,4879,925,1004.2057382697723,18.015403987157715
13,6,Test_13/Level_6.pkl,2314,294,147,882,969,2.0136054421768708,10.0,5,6,0,36,6.17687074829932,0.13,52,13,4873,5357,10,1,0.01,2314,9661.397403054672,961,2872,14838.648881947129,5000,969,4499.600980935529,6.4013932453168705,2314,9234.13916741751,922,4135,1425.523113530056,5000,969,432.34516105189914,9.815715806991687
13,7,Test_13/Level_7.pkl,2315,294,147,882,969,2.129251700680272,10.0,5,6,0,26,6.258503401360544,0.13,52,13,4690,5156,10,1,0.01,2315,9703.438645272023,966,1061,19469.23417172494,5000,969,4106.333739754597,2.3753078744771945,2315,9265.50622030022,925,3698,2514.314820110082,5000,969,531.8572450602287,10.187647849617644
13,8,Test_13/Level_8.pkl,2316,294,147,882,969,2.122448979591837,10.0,5,6,0,26,6.149659863945578,0.13,52,13,4716,5160,10,1,0.01,2316,9595.133580436877,954,5618,17260.703705533993,5000,969,4251.571700867574,12.61786342820192,2316,9498.67459775695,948,6841,1109.741998762186,5000,969,288.06112058024837,15.793986551147551
13,9,Test_13/Level_9.pkl,2317,294,147,882,1012,2.1700680272108843,10.0,5,6,0,34,6.17687074829932,0.195,52,13,4705,5147,10,1,0.01,2317,10143.751344548104,1009,962,17103.32769871122,5000,1012,5157.1377456371165,2.1799670917317977,2317,9976.330546447074,997,1249,1104.7351219817958,5000,1012,346.06755091881826,2.8698709378856435
13,10,Test_13/Level_10.pkl,2318,294,147,882,1012,2.1496598639455784,10.0,5,6,0,26,6.1768707482993195,0.195,52,13,4768,5226,10,1,0.01,2318,9882.15654751783,980,11593,18623.30583551565,5000,1012,5619.001489620319,25.966532621626627,2318,8714.20194799133,865,22687,3861.6343172271154,5000,1012,1209.6214460417057,52.10573353091403
13,11,Test_13/Level_11.pkl,2319,294,147,882,1012,2.020408163265306,10.0,5,6,0,30,6.149659863945578,0.195,52,13,4359,4743,10,1,0.01,2319,10154.127500628447,1012,0,17138.091663512307,4744,1012,3412.7500628446833,0.0,2319,10053.125533018934,1005,296,1076.8514292570808,4744,1012,218.56785668781322,0.9398544520547945
13,12,Test_13/Level_12.pkl,2320,294,147,882,1055,2.2789115646258504,10.0,5,6,0,24,6.17687074829932,0.26,52,13,4465,4899,10,1,0.01,2320,10586.0475079469,1054,292,19830.246813018537,5000,1055,4529.103126296163,0.7564766839378239,2320,10256.520609579235,1024,2777,3351.007250532037,5000,1055,856.8285882749274,7.952323696485355
13,13,Test_13/Level_13.pkl,2321,294,147,882,1055,2.0952380952380953,10.0,5,6,0,32,6.149659863945578,0.26,52,13,4960,5458,10,1,0.01,2321,10401.592414276796,1034,6347,18194.78350989851,5000,1055,4713.763703543833,14.454777241357856,2321,9483.401434011703,945,10117,3519.8389758159506,5000,1055,910.8981522437622,24.29245248926675
13,14,Test_13/Level_14.pkl,2322,294,147,882,1055,2.17687074829932,10.0,5,6,0,34,6.17687074829932,0.26,52,13,4662,5126,10,1,0.01,2322,10566.707554112916,1054,338,18404.20906786126,5000,1055,2597.9105837054594,0.728448275862069,2322,10319.62041400602,1030,4452,4083.0697460358715,5000,1055,673.2966934245385,12.887447071773911
13,15,Test_13/Level_15.pkl,2323,294,147,882,1099,2.3537414965986394,10.0,5,6,0,32,6.204081632653061,0.325,52,13,4622,5056,10,1,0.01,2323,10927.143750014164,1088,1881,20878.03875435938,5000,1099,4227.207084877076,4.871679165392719,2323,10477.130234280072,1046,4238,2864.1128328318123,5000,1099,578.6263185215637,11.34397109485718
13,16,Test_13/Level_16.pkl,2324,294,147,882,1099,2.251700680272109,10.0,5,6,0,30,6.312925170068027,0.325,52,13,4463,4867,10,1,0.01,2324,10824.777873833691,1078,1773,18049.722002633225,5000,1099,3909.515517394652,5.682718659743693,2324,10643.609453568502,1063,3555,1008.5102768603832,5000,1099,252.5654316273238,11.083799252227585
13,17,Test_13/Level_17.pkl,2325,294,147,882,1099,2.272108843537415,10.0,5,6,0,30,6.17687074829932,0.325,52,13,4644,5078,10,1,0.01,2325,10903.263258302726,1085,1808,21809.95233527623,5000,1099,4846.247431006886,4.800783992658002,2325,10632.368562683008,1062,3170,1381.7558504132057,5000,1099,325.89641011060814,9.109598581903688
13,18,Test_13/Level_18.pkl,2326,294,147,882,1142,2.163265306122449,10.0,5,6,0,26,6.040816326530612,0.39,52,13,4878,5376,10,1,0.01,2326,10207.6125673759,1016,7240,16498.45439421634,5000,1096,3017.065444028949,17.441912935610308,2326,9063.932052927963,902,14701,3092.113867790439,5000,1096,591.9814183120262,38.01223874484319
13,19,Test_13/Level_19.pkl,2327,294,147,882,1142,2.1360544217687076,10.0,5,6,0,32,6.258503401360544,0.39,52,13,4692,5138,10,1,0.01,2327,10687.749385130523,1063,4686,20063.630531258666,5000,1138,4565.612484532641,12.093260285195921,2327,10219.197681386191,1020,5868,1633.9981081074718,5000,1138,380.7570434599668,15.390110951592057
14,0,Test_14/Level_0.pkl,2328,354,177,1062,1062,1.8700564971751412,10.0,5,6,0,32,6.214689265536723,0.0,56,14,4955,5467,10,1,0.01,2328,10297.686729120838,1020,13055,22984.64787579032,5000,1062,6954.068982681306,28.14603929402406,2328,9816.703339352998,977,16635,3330.256608285338,5000,1062,1035.7492047747387,36.34584730525093
14,1,Test_14/Level_1.pkl,2329,354,177,1062,1062,2.0338983050847457,10.0,5,6,0,30,6.259887005649718,0.0,56,14,4286,4662,10,1,0.01,2329,10683.315824526942,1062,0,21186.388721460735,4663,1062,6331.582452694238,0.0,2329,10267.315973536695,1025,3397,2046.8512988589302,4663,1062,635.5896460062675,10.960077076632489
14,2,Test_14/Level_2.pkl,2330,354,177,1062,1062,1.8418079096045197,10.0,5,6,0,24,6.0790960451977405,0.0,56,14,4954,5468,10,1,0.01,2330,9899.620203767303,979,24737,23267.286158048,5000,1062,5662.957525466977,52.99062851263235,2330,8939.700150916398,886,31007,4465.3656462678755,5000,1062,1256.4842512387177,67.13530840401192
14,3,Test_14/Level_3.pkl,2331,354,177,1062,1109,1.8644067796610169,10.0,5,6,0,30,6.124293785310734,0.06999999999999999,56,14,4369,4759,10,1,0.01,2331,11128.298372450492,1109,0,18595.280347156342,4760,1109,3829.8372450492407,0.0,2331,10715.333150670807,1070,2044,3523.577082028032,4760,1109,801.784087084111,7.315309799966218
14,4,Test_14/Level_4.pkl,2332,354,177,1062,1109,1.9661016949152543,10.0,5,6,0,26,6.169491525423728,0.06999999999999999,56,14,5123,5667,10,1,0.01,2332,9795.229836553912,966,38675,26147.87227132348,5000,1109,5602.789873700464,79.20193781690718,2332,9515.209157190146,943,39590,1835.255193568411,5000,1109,391.08774157793755,81.29827977436527
14,5,Test_14/Level_5.pkl,2333,354,177,1062,1109,1.9039548022598871,10.0,5,6,0,30,6.2824858757062145,0.06999999999999999,56,14,5024,5536,10,1,0.01,2333,10458.253688094148,1037,21668,18876.407601190018,5000,1109,4226.227762609433,45.991410468053296,2333,10032.579603727356,997,23847,4977.033704971708,5000,1109,1182.7437092418552,50.752166634937076
14,6,Test_14/Level_6.pkl,2334,354,177,1062,1155,1.8531073446327684,10.0,5,6,0,34,6.259887005649718,0.13999999999999999,56,14,4648,5083,10,1,0.01,2334,11564.319864541738,1151,1533,21726.890021990104,5000,1155,5078.267082313132,3.537193718607104,2334,11041.33330757937,1103,2750,1867.3998442834086,5000,1155,458.62996121977324,6.747007967173257
14,7,Test_14/Level_7.pkl,2335,354,177,1062,1155,1.926553672316384,10.0,5,6,0,30,6.101694915254237,0.13999999999999999,56,14,4500,4902,10,1,0.01,2335,11598.54858546681,1155,0,22313.765567967406,4903,1155,4854.8585466810155,0.0,2335,11110.353520423734,1110,2130,1563.6862724994521,4903,1155,384.6381835760178,6.507138587975306
14,8,Test_14/Level_8.pkl,2336,354,177,1062,1155,1.847457627118644,10.0,5,6,0,32,6.327683615819209,0.13999999999999999,56,14,4799,5267,10,1,0.01,2336,11533.035073674548,1147,2851,23168.319690141725,5000,1155,5674.075539814343,6.294318276404189,2336,11460.822600487216,1145,3528,1047.0590500503188,5000,1155,280.5901258430027,8.016699228785141
14,9,Test_14/Level_9.pkl,2337,354,177,1062,1202,1.8418079096045197,10.0,5,6,0,34,6.327683615819209,0.20999999999999996,56,14,4409,4799,10,1,0.01,2337,12072.797926380294,1202,0,18927.649072119577,4800,1202,5279.7926380293975,0.0,2337,11993.019894572551,1199,0,981.7935991870605,4800,1202,301.98945725515097,0.0
14,10,Test_14/Level_10.pkl,2338,354,177,1062,1202,1.8983050847457628,10.0,5,6,0,30,6.192090395480227,0.20999999999999996,56,14,4584,5016,10,1,0.01,2338,12057.330189856728,1201,416,21025.06855842012,5000,1202,4636.722689376507,0.9629629629629629,2338,11810.6854031841,1180,1969,2150.3999997200017,5000,1202,515.8948214967716,5.526454969130969
14,11,Test_14/Level_11.pkl,2339,354,177,1062,1202,1.92090395480226,10.0,5,6,0,32,6.305084745762712,0.20999999999999996,56,14,4529,4947,10,1,0.01,2339,12074.088565185428,1202,0,19277.86235741963,4948,1202,5408.856518542805,0.0,2339,11859.428882357619,1185,1212,2002.4719745779744,4948,1202,584.4513167732532,3.5843691898869707
14,12,Test_14/Level_12.pkl,2340,354,177,1062,1249,1.8700564971751412,10.0,5,6,0,24,6.192090395480226,0.27999999999999997,56,14,4749,5199,10,1,0.01,2340,12148.362876847528,1209,10066,20815.165159063457,5000,1249,3484.096830004064,23.521908547486518,2340,11614.384613660563,1158,12534,2191.842293579283,5000,1249,448.46410095870624,29.89997265097565
14,13,Test_14/Level_13.pkl,2341,354,177,1062,1249,1.8757062146892656,10.0,5,6,0,26,6.169491525423728,0.27999999999999997,56,14,4824,5292,10,1,0.01,2341,12307.134070628872,1225,5233,19391.839545256727,5000,1249,4494.919874930894,12.184871879562383,2341,11350.334004451095,1131,11167,4853.84954782691,5000,1249,1315.0807842886727,27.183196608208302
14,14,Test_14/Level_14.pkl,2342,354,177,1062,1249,1.8757062146892656,10.0,5,6,0,28,6.305084745762712,0.27999999999999997,56,14,4241,4603,10,1,0.01,2342,12541.240437138735,1248,241,23067.59245572386,5000,1249,6057.469128238178,0.6657458563535912,2342,11739.460356924646,1173,1417,1791.3556764736409,5000,1249,476.94915502315513,4.69086537441492
14,15,Test_14/Level_15.pkl,2343,354,177,1062,1295,2.0112994350282487,10.0,5,6,0,30,6.169491525423728,0.35,56,14,4394,4778,10,1,0.01,2343,12761.538810535729,1271,1874,22171.94257855582,5000,1295,4584.575200277746,5.69305853295175,2343,12374.498847158877,1236,3091,2381.2724923706705,5000,1295,502.80308641270017,9.470816294749318
14,16,Test_14/Level_16.pkl,2344,354,177,1062,1295,1.8644067796610169,10.0,5,6,0,34,6.169491525423728,0.35,56,14,4949,5467,10,1,0.01,2344,11797.746123306972,1171,22199,21536.168250932766,5000,1295,3841.7568249923065,49.328555057049805,2344,11390.30945665576,1133,24176,3326.808236654677,5000,1295,634.8406381350596,53.96105027440954
14,17,Test_14/Level_17.pkl,2345,354,177,1062,1295,1.9491525423728813,10.0,5,6,0,32,6.259887005649717,0.35,56,14,4369,4767,10,1,0.01,2345,12705.921999832555,1264,3648,20450.69014645785,5000,1295,5476.54454461824,11.15655438637175,2345,11589.128805956598,1154,12115,4834.275441884157,5000,1295,1301.9060616974216,36.10974533962396
14,18,Test_14/Level_18.pkl,2346,354,177,1062,1342,1.926553672316384,10.0,5,6,0,28,6.259887005649718,0.41999999999999993,56,14,4674,5140,10,1,0.01,2346,12802.246896389517,1273,5036,23926.56283475638,5000,1342,5877.720165183521,13.469694737680717,2346,11190.974435876558,1114,14050,4823.968592028454,5000,1342,1141.4498544922835,39.55993733163686
14,19,Test_14/Level_19.pkl,2347,354,177,1062,1342,1.9548022598870056,10.0,5,6,0,28,6.101694915254237,0.41999999999999993,56,14,4542,4960,10,1,0.01,2347,12604.52458948326,1254,4450,22288.128215681932,5000,1337,5163.812168668306,12.88646779657702,2347,12120.67824989368,1210,5750,1645.0582705068452,5000,1337,392.4111158153033,16.754138735526496
15,0,Test_15/Level_0.pkl,2348,426,213,1278,1278,0.8685446009389671,10.0,5,6,0,34,6.215962441314554,0.0,60,15,5021,5529,10,1,0.01,2348,12278.288118522634,1224,16691,731.4749169022688,5000,1278,182.26540324985643,36.46546449013685,2348,12276.761593904983,1224,16691,66.95450361243199,5000,1278,29.612941484578386,36.46546449013685
15,1,Test_15/Level_1.pkl,2349,426,213,1278,1278,0.9483568075117371,10.0,5,6,0,30,6.15962441314554,0.0,60,15,4572,4990,10,1,0.01,2349,12782.14379400163,1278,0,1116.9984854495403,4991,1278,214.37940016292012,0.0,2349,12780.638968754653,1278,0,207.05634552173927,4991,1278,63.89687546523521,0.0
15,2,Test_15/Level_2.pkl,2350,426,213,1278,1278,1.028169014084507,10.0,5,6,0,28,6.234741784037558,0.0,60,15,5197,5779,10,1,0.01,2350,11993.116153978426,1194,23853,1050.0711847003324,5000,1278,268.07984806418216,50.43535549778389,2350,11990.731348507812,1194,23853,84.97642919451803,5000,1278,29.599301002871545,50.43535549778389
15,3,Test_15/Level_3.pkl,2351,426,213,1278,1328,0.9812206572769953,10.0,5,6,0,32,6.19718309859155,0.075,60,15,5611,6251,10,1,0.01,2351,8979.277721055221,883,82060,1156.3604548717585,5000,1328,270.47495154649425,146.57297153975483,2351,8976.865085543632,883,82060,100.33406998254308,5000,1328,29.211400387645675,146.57297153975483
15,4,Test_15/Level_4.pkl,2352,426,213,1278,1328,0.9765258215962441,10.0,5,6,0,34,6.215962441314554,0.075,60,15,4862,5338,10,1,0.01,2352,13191.443853295179,1318,3478,1268.1471505150598,5000,1328,352.83564831528,7.915496812025384,2352,13188.15655934064,1318,3478,74.4553787587479,5000,1328,24.106252861378156,7.915496812025384
15,5,Test_15/Level_5.pkl,2353,426,213,1278,1328,0.9624413145539906,10.0,5,6,0,30,6.215962441314554,0.075,60,15,5136,5708,10,1,0.01,2353,11841.269214633467,1175,42930,868.2680863261212,5000,1328,208.30771062752365,89.18613752719078,2353,11839.51887761568,1175,42930,123.48628184239148,5000,1328,33.274008848734866,89.18613752719078
15,6,Test_15/Level_6.pkl,2354,426,213,1278,1378,1.0328638497652582,10.0,5,6,0,36,6.234741784037558,0.15,60,15,5601,6227,10,1,0.01,2354,10094.272219461753,996,71387,1697.0466377470252,5000,1378,359.32270044800475,130.67899245727386,2354,10090.859738494144,996,71387,66.45952224832484,5000,1378,18.07460368702671,130.67899245727386
15,7,Test_15/Level_7.pkl,2355,426,213,1278,1378,0.9624413145539906,10.0,5,6,0,28,6.15962441314554,0.15,60,15,6042,6772,10,1,0.01,2355,7737.042690097504,757,100398,3200.2565483093485,5000,1378,538.0274437688045,161.66241565981636,2355,7731.974680458119,757,100398,71.45832684072029,5000,1378,31.226479830260583,161.66241565981636
15,8,Test_15/Level_8.pkl,2356,426,213,1278,1378,0.9154929577464789,10.0,5,6,0,28,6.103286384976526,0.15,60,15,5074,5602,10,1,0.01,2356,12641.346264698754,1256,37041,1294.7666967898847,5000,1378,228.74255222730886,79.0588391764815,2356,12639.248750376624,1256,37041,48.689410207421396,5000,1378,18.991120014378584,79.0588391764815
15,9,Test_15/Level_9.pkl,2357,426,213,1278,1428,0.9342723004694836,10.0,5,6,0,30,6.215962441314554,0.225,60,15,4982,5518,10,1,0.01,2357,13798.707520998223,1376,16590,1009.9869746494195,5000,1428,236.17168269160487,36.34580417130819,2357,13797.367874492167,1376,16590,409.27121861230654,5000,1428,102.20703208599753,36.34580417130819
15,10,Test_15/Level_10.pkl,2358,426,213,1278,1428,0.9530516431924883,10.0,5,6,0,30,6.215962441314554,0.225,60,15,5064,5582,10,1,0.01,2358,13730.231431410946,1369,17837,942.4553197058726,5000,1428,211.7806743226412,38.11362466772038,2358,13728.318650341329,1369,17837,70.74470778500338,5000,1428,20.502567360841137,38.11362466772038
15,11,Test_15/Level_11.pkl,2359,426,213,1278,1428,1.0328638497652582,10.0,5,6,0,32,6.178403755868544,0.225,60,15,4814,5296,10,1,0.01,2359,14136.030570186424,1412,5297,1837.937825951247,5000,1428,438.42380787777955,11.646332107645382,2359,14131.973676976988,1412,5297,115.43764891674485,5000,1428,32.73448693416469,11.646332107645382
15,12,Test_15/Level_12.pkl,2360,426,213,1278,1478,1.0,10.0,5,6,0,34,6.215962441314554,0.3,60,15,5193,5753,10,1,0.01,2360,13050.38996791526,1294,52401,963.7343731285305,5000,1478,218.1078822500866,108.2088890927591,2360,13048.45983032434,1294,52401,68.07273193868657,5000,1478,25.094123158120315,108.2088890927591
15,13,Test_15/Level_13.pkl,2361,426,213,1278,1478,1.0892018779342723,10.0,5,6,0,34,6.084507042253521,0.3,60,15,5001,5503,10,1,0.01,2361,13802.656620714417,1373,32007,1390.0895496748672,5000,1478,326.43299392912604,69.39229077512597,2361,13799.652086053487,1373,32007,74.34570843387978,5000,1478,25.979527836257066,69.39229077512597
15,14,Test_15/Level_14.pkl,2362,426,213,1278,1478,1.0093896713615023,10.0,5,6,0,30,6.234741784037559,0.3,60,15,4969,5463,10,1,0.01,2362,14317.200037844212,1429,9308,2334.619102479966,5000,1478,503.59526353844143,22.16408520882726,2362,14313.054983889735,1429,9308,375.7470892049894,5000,1478,89.08986809075364,22.16408520882726
15,15,Test_15/Level_15.pkl,2363,426,213,1278,1528,1.0,10.0,5,6,0,42,6.15962441314554,0.375,60,15,4791,5269,10,1,0.01,2363,14572.691220143774,1455,8293,1719.2611318073448,5000,1528,302.1815671580458,19.669404472193122,2363,14569.912874518235,1455,8293,71.23040171148993,5000,1528,24.347004604079395,19.669404472193122
15,16,Test_15/Level_16.pkl,2364,426,213,1278,1528,0.9342723004694836,10.0,5,6,0,34,6.347417840375587,0.375,60,15,4539,4951,10,1,0.01,2364,14839.924088284799,1483,2753,1093.6628400628356,5000,1528,211.74740514687807,7.806614233330521,2364,14838.42631697848,1483,2753,233.57635138871564,5000,1528,61.97027451500354,7.806614233330521
15,17,Test_15/Level_17.pkl,2365,426,213,1278,1528,0.9812206572769953,10.0,5,6,0,36,6.140845070422535,0.375,60,15,4828,5306,10,1,0.01,2365,14513.804651903278,1449,8416,1381.672293150612,5000,1528,330.37765565570703,20.500875346721458,2365,14510.890486337028,1449,8416,155.05049638302785,5000,1528,38.96109903075262,20.500875346721458
15,18,Test_15/Level_18.pkl,2366,426,213,1278,1578,1.0140845070422535,10.0,5,6,0,34,6.234741784037558,0.45,60,15,4653,5097,10,1,0.01,2366,14686.698367307563,1467,5657,1364.7810167477953,5000,1557,250.03436961255682,14.198023611438567,2366,14684.339934573512,1467,5657,52.84623101845482,5000,1557,14.191096207479882,14.198023611438567
15,19,Test_15/Level_19.pkl,2367,426,213,1278,1578,1.028169014084507,10.0,5,6,0,34,6.234741784037558,0.45,60,15,5551,6183,10,1,0.01,2367,11370.297622363147,1121,83431,1606.7693132610978,5000,1577,275.9081365136264,157.5385409980106,2367,11367.60769419568,1121,83431,27.56766342053261,5000,1577,6.915319767015753,157.5385409980106
